一	jat1
丁	ding1,zaang1(zang1)
七	cat1
三	saam1,saam3
下	haa6,haa5
上	soeng6,soeng5
丈	zoeng6
丑	cau2
丐	koi3(goi3)
不	bat1,fau2
丕	pei1
丙	bing2
世	sai3
且	ce2,zeoi1(ceoi2),ceoi1(cou4)
丘	jau1
丞	sing4,cing2
丟	diu1
並	bing6(bing3)
丫	aa1(ngaa1)
中	zung1,zung3
串	cyun3,gwaan3
丸	jyun4,jyun2
凡	faan4
丹	daan1
主	zyu2
乃	naai5,oi2
久	gau2
之	zi1
尹	wan5
乍	zaa3(zaa6)
乏	fat6
乎	fu4(wu4),fu1
乒	ping1(bing1)
乓	pong1(bam1)
乖	gwaai1
乘	sing4,sing6
乙	jyut3(jyut6)
九	gau2
也	jaa5
乞	hat1,hei3
乩	gei1
乳	jyu5
乾	gon1,kin4
亂	lyun6
了	liu5(laa1,liu4)
予	jyu5,jyu4
事	si6
二	ji6
于	jyu4(jyu1)
云	wan4
井	zing2(zeng2)
互	wu6
五	ng5
亙	gang2
些	se1,so3(sai3,so1)
亞	aa3(ngaa3)
亟	kei3,gik1
亡	mong4,mou4,mong1
交	gaau1
亦	jik6
亥	hoi6
亨	hang1,paang1,hoeng2
享	hoeng2
京	ging1,jyun4
亭	ting4
亮	loeng6
人	jan4
仁	jan4
什	sap6(zaap6),sam6
仃	ding1
今	gam1
仄	zak1
仆	fu6(puk1),buk6
仇	sau4(cau4),kau4
仍	jing4
介	gaai3,gaa3
付	fu6
仔	zi2,zai2,zi1
仕	si6
他	taa1(to1)
仗	zoeng6,zoeng3
代	doi6
令	ling6,ling4,ling1(lim1,ling5)
仞	jan6
以	ji5
仙	sin1
仿	fong2,pong4
伉	kong3
伙	fo2
伊	ji1
伕	fu1
伍	ng5
伐	fat6
休	jau1,nau2,jyu3(heoi2)
伏	fuk6(buk6)
任	jam6,jam4
仳	pei2
仲	zung6
企	kei5(kei2)
件	gin6
仰	joeng5(ngong5)
份	fan6,ban1
位	wai6(wai2)
住	zyu6
佇	cyu5
佗	to1(taa1),to4
伴	bun6(pun5)
佞	ning6
佛	fat6,bat6,fat1
何	ho4,ho6
估	gu2,gu3
佐	zo3
佑	jau6
佈	bou3
伽	ke4,gaa1
伺	zi6(si6)
伸	san1
佃	din6(tin4)
佔	zim3,cim1(zim1)
似	ci5
但	daan6
佣	jung2(jung6),jung4
作	zok3
你	nei5
伯	baak3,baa3
低	dai1
伶	ling4
余	jyu4
佝	kau3(gau1,keoi1)
佯	joeng4
依	ji1
併	bing3(ping3),bing6
侍	si6
佳	gaai1
使	si3,si2(sai2)
佬	lou2,lou5,liu4
供	gung3,gung1
例	lai6
來	loi4(lai4),loi6
佰	baak3,mak6
侃	hon2(hon3)
侈	ci2
佩	pui3
佻	tiu4(tiu1)
侖	leon4
侏	zyu1
信	seon3,san1
侵	cam1
侯	hau4
便	bin6(bin2),pin4
俠	haap6(hap6)
俑	jung2(jung5)
俏	ciu3
保	bou2
促	cuk1
侶	leoi5
俚	lei5
俘	fu1
俟	zi6,kei4
俊	zeon3
俗	zuk6
侮	mou5
俐	lei6
俄	ngo4
係	hai6
俎	zo2
俞	jyu4(jyu6),syu3
倌	gun1
倍	pui5(bui3)
倣	fong2
俯	fu2
倦	gyun6
倥	hung2(hung3),hung1
俸	fung2(fung6)
倩	sin3(sin6),cing3
倖	hang6
倆	loeng5
值	zik6
借	ze3
倚	ji2,kei1
倒	dou3,dou2
們	mun4
俺	jim3(aan2)
倀	coeng1(caang1),caang4,zan3
倔	gwat6
倨	geoi3
倡	coeng3,coeng1
個	go3
候	hau6
倘	tong2,soeng4
俳	paai4
修	sau1
倭	wo1,wai1(wai2),wo2
倪	ngai4,ngai6
俾	bei2,pai3
倫	leon4
倉	cong1
偽	ngai6
停	ting4
偏	pin1
假	gaa2,gaa3
偃	jin2(jim2)
偌	je6
做	zou6
偉	wai5
健	gin6
偶	ngau5
偎	wui1
偕	gaai1(haai4)
偵	zing1
側	zak1
倏	suk1
偷	tau1
傢	gaa1
傍	bong6,pong4
傅	fu6,fu1
備	bei6
傑	git6
傀	gwai1,faai3
傖	cong1(caang1,cam2)
傘	saan3
傭	jung4,jung2,cung1
債	zaai3
傲	ngou6
傳	cyun4,zyun6,zyun3
僅	gan2(gan6)
傾	king1
催	ceoi1
傷	soeng1
傻	so4
僧	zang1(sang1)
僮	tung4,zong6(zong3)
僱	gu3
僥	jiu4,hiu1(giu1,giu2)
僣	zim3
僖	hei1
僚	liu4,lou5,liu5
僕	buk6
像	zoeng6
僑	kiu4
億	jik1
儀	ji4
僻	pik1(bui6)
僵	goeng1
價	gaa3
儂	nung4
儈	kui2(kui3)
儉	gim6
儐	ban3,ban1
儒	jyu4
儘	zeon2
儔	cau4
儲	cyu5(cyu1,cyu4)
優	jau1
償	soeng4
儡	leoi5
儷	lai6
儼	jim5
兀	ngat6
元	jyun4
允	wan5,jyun4
兄	hing1,fong3
充	cung1
光	gwong1
兇	hung1
兆	siu6
先	sin1(sin3)
克	hak1(haak1)
兌	deoi3(deoi6),jeoi6
免	min5,man6
兕	zi6(ci5,zi3)
兔	tou3
兒	ji4,ngai4
兗	jin5(jin2)
兜	dau1
兢	ging1
入	jap6
內	noi6,naap6
全	cyun4
兩	loeng5(loeng2),loeng6
八	baat3
六	luk6
兮	hai4
公	gung1
共	gung6,gung1,gung2
兵	bing1
具	geoi6
其	kei4,gei1,gei6
典	din2
兼	gim1
冀	kei3(gei3)
冉	jim5
冊	caak3
再	zoi3
冒	mou6,mak6
冑	zau6
冕	min5
最	zeoi3
冠	gun1,gun3
冢	cung2
冥	ming4(ming5)
冤	jyun1
冬	dung1
冰	bing1,jing4
冶	je5
冷	laang5
冽	lit6
凍	dung3
凌	ling4
准	zeon2
凋	diu1
凜	lam5
凝	jing4(king4)
几	gei1(gei2)
凰	wong4
凱	hoi2(ngoi2)
凳	dang3
凶	hung1
凹	nap1(aau1,aau3,lap1,ngaau1,waa1)
出	ceot1
凸	dat6(gu2)
函	haam4
刀	dou1
刁	diu1
刃	jan6
切	cit3,cai3
分	fan1,fan6
刈	ngaai6
刊	hon1(hon2)
列	lit6(laat6)
刑	jing4
划	waa4(waa1),waak6
刎	man5
判	pun3
刪	saan1
利	lei6
刨	paau4
刻	hak1(haak1)
券	hyun3(gyun3)
刷	caat3,saat3
刺	ci3,cik3(cek3,sik3)
到	dou3
刮	gwaat3
制	zai3
剁	do2(do3,doek3)
剃	tai3
前	cin4
剌	laat6,laa1
剋	hak1(haak1)
則	zak1
削	soek3
剎	saat3(caat3)
剖	pau2(fau2)
剜	wun1(wun2)
剔	tik1,tai3
剛	gong1
剝	mok1(bok1)
剪	zin2
副	fu3,pik1
割	got3
剴	hoi2(goi1)
創	cong3,cong1
剩	sing6(zing6)
剷	caan2
剽	piu5(piu3)
剿	ziu2,caau1
劃	waak6
劈	pik1(pek3,pek6)
劇	kek6
劉	lau4
劍	gim3
劑	zai1(zai6)
力	lik6
加	gaa1(gaa3)
功	gung1
劣	lyut3(lyut6)
劫	gip3
助	zo6
努	nou5
劬	keoi4
劾	hat6
勇	jung5
勃	but6
勉	min5
勁	ging6(ging3)
勒	lak6(laak6)
務	mou6
勘	ham3(ham1)
動	dung6
勞	lou4,lou6
勳	fan1
勛	fan1
勝	sing3,sing1
募	mou6
勤	kan4
勢	sai3
勵	lai6
勸	hyun3
勻	wan4
勾	ngau1(au1,gau1)
勿	mat6
包	baau1
匆	cung1
匈	hung1
匍	pou4
匐	baak6(fuk6)
匏	paau4
匕	bei2,bei6
化	faa3,faa1
北	bak1,bui3
匙	ci4,si4
匝	zaap3
匡	hong1
匠	zoeng6
匣	haap6
匪	fei2
匯	wui6
匱	gwai6
匹	pat1
匾	bin2
匿	nik1(nik6)
區	keoi1,au1(ngau1)
十	sap6
千	cin1
卅	saa1(saa4)
午	ng5
升	sing1
半	bun3
卉	wai2(wai5)
仟	cin1
卒	zeot1,cyut3
協	hip6(hip3)
卓	coek3(zoek3)
卑	bei1
南	naam4,naa1
博	bok3
卜	buk1,baak6
卞	bin6
卡	kaa1(kaa2,kaat1,zaap6)
占	zim1,zim3
卦	gwaa3
卬	ngong4,joeng5
卮	zi1
印	jan3(ngan3)
危	ngai4
即	zik1
卵	leon5(leon2,lo5)
卷	gyun2(gyun3),kyun4
卸	se3
卹	seot1
卻	koek3
卿	hing1
厄	ak1(aak1,ngak1)
厚	hau5
原	jyun4,jyun5
厥	kyut3
厭	jim3,jim1
厲	lai6,laai6(laai3)
去	heoi3,heoi2
參	caam1(cam1),sam1,saam1
又	jau6
叉	caa1
友	jau5
反	faan2,faan1,faan3
及	kap6(gap6)
取	ceoi2
叔	suk1
受	sau6
叛	bun6
叟	sau2
曼	maan6,maan4,mun5
叢	cung4
口	hau2
可	ho2,hak1
古	gu2
右	jau6
召	ziu6,siu6,ziu1
叮	ding1
叩	kau3
叨	tou1,dou1
叼	diu1
司	si1
叵	po2
另	ling6
叫	giu3
只	zi2,zek3
史	si2
叱	cik1
台	toi4,ji4
臺	toi4
句	geoi3,ngau1(gau1)
叭	baa1
吉	gat1
吏	lei6
吐	tou3(tou2),dat6
吁	heoi1,jyu6
吋	cyun3
同	tung4
各	gok3
向	hoeng3
名	ming4,meng4(meng2)
合	hap6,gap3
吃	hek3,gat1,hat1,jaak3
后	hau6
吆	jiu1
吒	zaa3,zaa1
吝	leon6
吭	hong4,hang1
吞	tan1
吾	ng4,ngaa4,jyu4
否	fau2,pei2(pei5)
呎	cek3
吧	baa1,baa6
呃	ak1(ngak1)
君	gwan1
吠	fai6
吼	hau3(haau1,hau2)
呀	aa1(haa1)
吱	zi1,gei1
呆	ngoi4(daai1)
吳	ng4
吵	caau2
呈	cing4
呂	leoi5
吩	fan1
告	gou3,guk1
吹	ceoi1,ceoi3
吻	man5
吸	kap1
吮	syun5(cyun5,seon5)
含	ham4
吟	jam4(ngam4)
味	mei6
呵	ho1(ho2),o1
咖	kaa1(gaa3)
呸	pei1
咕	gu1
呢	nei4(nei1),ne1,ni1
咀	zeoi2,zo3
呻	san1
呷	haap3
咄	deot1(cyut3,zyut3)
咒	zau3
咆	paau4,paau3
呼	fu1
咐	fu3(fu6)
呱	gu1(waa1),gwaa1,gwaa2
呶	naau4(nou4)
和	wo4,wo6,wu4
咚	dung1
周	zau1
咋	zaa3(zaa1,zaak3,zaak6),zaa6
命	ming6(meng6)
咎	gau3,gou1
咬	ngaau5,gaau1,aau1(ngaau1)
哀	oi1(ngoi1)
咩	me1
咨	zi1
咳	kat1(koi3),haai1(hei1),hoi4
咪	mai1(mai6),mei1,mai5,miu1
哎	aai1(ai3,ngaai1,ngaai6)
哉	zoi1
咦	ji2(ji4)
哇	waa1
哂	can2(saai3)
哄	hung6(hung3),hung1
咫	zi2
咧	lit6(le2),le1,le4
咽	jin3,jit3,jin1
品	ban2
哈	haa1(haa5,haai1,kaa1)
咯	lok3(gok3,lo3),kat1,lo1,lok6
咱	zaa1
咻	jau1,heoi2
咸	haam4
唐	tong4
唁	jin6
哼	hang1,hng6
哥	go1
哲	zit3
哺	bou6(bou1)
唔	m4(ng4)
哮	haau1
哪	naa5,naa4,naa1,no4
唧	zik1(zek1)
哩	lei5,le1
哭	huk1
員	jyun4,wan4,wan6
哨	saau3
唆	so1
唉	aai1(ngaai1,ngoi1,oi1)
哦	ngo4,o4(o2)
唷	jo1
商	soeng1
啖	daam6
唳	leoi6(lai6,lit6)
啪	paa1(paak1)
啦	laa1
啄	doek3
啞	aa2(ngaa2),ak1(ngak1),aa1
啊	aa1(aa3),haa2(aa2),haa4(aa4)
啜	zyut3,cyut3
啃	hang2(han2,kang2),hang3
唱	coeng3
問	man6
唬	fu2(haak3)
啡	fei1(fe1)
啕	tou4
唯	wai4,wai2(wai5)
啤	be1(pei4)
唸	nim6,din6
售	sau6
啣	haam4(ham4)
啁	zau1,zaau1
啥	saa2(saa1)
啻	ci3
喀	kaa3(haak3,kaa1),haak1
喧	hyun1
啼	tai4
喜	hei2,ci3
喪	song3,song1
喔	o1,ak1(ngak1,ok1)
喇	laa1,laa3
喋	dip6,zaap6
喃	naam4
喳	zaa1(caa1)
喱	lei1
喝	hot3,jit3
喘	cyun2
喂	wai3(wai2,wai6)
單	daan1,sin6,sin4(sim4)
喟	wai2(faai3,wai3,wai6)
喊	haam3
唾	to3(toe3,toe5,tou3)
喲	jo1
喚	wun6
喻	jyu6
喬	kiu4
啾	zau1
喉	hau4
嗟	ze1
嗨	haai1(hei1,hoi1)
嗓	song2(song1)
嗉	sou3
嗎	maa1(maa3),maa5,maa4
嗜	si3
嗇	sik1
嗑	gaap3,hap6,haap3,ngap1
嗣	zi6
嗤	ci1
嗯	ng6,ng2
嗚	wu1
嗡	jung1
嗅	cau3(hung3)
嗆	coeng1,coeng3
嗥	hou4
嗾	sau2(zuk6)
嘀	dik6(dik1)
嘛	maa4,maa3
嗽	sok3,sau3
嘔	au2(ngau2),heoi1,au1(ngau1)
嘉	gaa1
嗷	ngou4
嘖	zaak3(zaak6,zik1)
嘟	dou1
嘈	cou4
嘗	soeng4
嘍	lau4,lau1
嘮	lou4(lou6)
嘻	hei1
嘹	liu4
嘲	zaau1
嘩	waa1(faa1,jip6,waa4)
噎	jit3
噴	pan3(fan5,pan1)
嘶	sai1(si1)
嘿	hei1,mak6
嘰	gei1
噓	heoi1
噗	pok3
嘴	zeoi2
噫	ji1,aai3(ngaai3)
嘯	siu3,cik1
噩	ngok6
噤	gam3(gam6,kam1)
噸	deon1(deon6)
噹	dong1
噪	cou3
器	hei3
噥	nung4
噱	koek6(coek3,kek6)
噙	kam4
噯	oi2(ngoi2,ngoi3,oi3),aai1
噬	sai6
噢	jyu2,o1(ou3)
嚎	hou4
嚀	ning4
嚅	jyu4
嚇	haak3,haak1
嚏	tai3(dai3)
嚕	lou1
嚮	hoeng3,hoeng2
嚨	lung4
嚥	jin3
嚷	joeng6(joeng5)
嚶	jing1
嚴	jim4
嚼	zoek3(zoek6),ziu6
囁	zip3(jip6)
囀	zyun2(zyun3)
囂	hiu1,ngou4
囈	ngai6
囊	nong4
囉	lo4,lo1,lo3
囌	sou1
囑	zuk1
四	sei3(si3)
囚	cau4
因	jan1
回	wui4
困	kwan3
囤	tyun4(teon4),deon6
囪	coeng1,cung1(tung1)
固	gu3
圃	pou2(bou2)
圈	hyun1,gyun6
國	gwok3
圍	wai4
園	jyun4
圓	jyun4
團	tyun4
圖	tou4
土	tou2
地	dei6(deng6)
在	zoi6
圭	gwai1
圬	wu1
圯	ji4
圳	zan3(hyun2)
坊	fong1,fong4
坑	haang1
址	zi2
坍	taan1
均	gwan1(kwan1),wan6
坎	ham2(ham1),ham3
圾	saap3,kap1(ngap6)
坐	zo6(co5)
坏	pui4,pui1,waai6
垃	laap6
坷	ho2,ho1
坪	ping4
坩	ham1(kim4)
坡	bo1(po1)
坦	taan2
坤	kwan1
坼	caak3
垂	seoi4
型	jing4
垠	ngan4
垣	wun4
垮	kwaa1
垢	gau3,hau4
城	sing4(seng4)
埔	bou3
埋	maai4
埃	oi1(aai1,ngaai1,ngoi1)
培	pui4,bau6
域	wik6
堅	gin1
基	gei1
堵	dou2,ze2
執	zap1
堂	tong4
堆	deoi1,zeoi1
埠	fau6(bou6)
報	bou3
堯	jiu4
堪	ham1
堰	jin2
場	coeng4
堤	tai4
堡	bou2,pou3
塞	sak1,coi3
塑	sou3(sok3)
塘	tong4
塗	tou4(caa4)
塚	cung2
塔	taap3
填	tin4,zan3
塌	taap3
塊	faai3
塢	wu2(ou3)
塵	can4
塾	suk6
境	ging2
墓	mou6
墊	din3(dim3,din2,din6,zin3),dip6
塹	cim3
墅	seoi5(seoi6)
增	zang1,cang4
墀	ci4
墳	fan4,fan5
墜	zeoi6
墮	do6,fai1
墟	heoi1
壅	jung2(jung1),ngung1
壇	taan4
壁	bik1(bek3,bik3)
墾	han2
壕	hou4
壓	aat3(ngaat3)
壑	kok3
壙	kwong3(kong3)
壘	leoi5,leot6
壞	waai6
壟	lung5
壤	joeng6(joeng5)
壩	baa3
士	si6
壬	jam4
壯	zong3,zong6,zong1
壹	jat1,jik1
壺	wu4
壽	sau6
夏	gaa2,haa6
夕	zik6
外	ngoi6
夙	suk1
多	do1
夜	je6
夥	fo2
夢	mung6,mung4
夤	jan4
大	daai6,taai3
太	taai3
天	tin1
夫	fu1,fu4
夭	jiu2,jiu1,ou2
央	joeng1,jing1
失	sat1,jat6
夷	ji4
夸	kwaa1
夾	gaap3(gap3,gep6,gip6)
奉	fung6
奇	kei4,gei1
奈	noi6
奔	ban1(ban3)
奄	jim2,jim1
奕	jik6
契	kai3,kit3(hat1,kai2),sit3
奏	zau3,cau3
奎	fui1(kwai1)
奐	wun6
套	tou3
奘	zong6,zong1(zong3)
奚	hai4
奢	ce1(se1)
奠	din6
奧	ou3(ngou3),juk1,ou2
奪	dyut6
奩	lim4
奮	fan5(fan3)
女	neoi5,jyu5,neoi6
奴	nou4
奶	naai5(naai1,naai4)
妄	mong5(mong6)
奸	gaan1
妃	fei1,pui3
好	hou3,hou2
她	taa1(ji1)
如	jyu4
妒	dou3
妨	fong4
妞	nau2(nau5)
妣	bei2
妍	jin4
妤	jyu4
妓	gei6
妊	jam6(jam4)
妝	zong1
妙	miu6
妖	jiu1(jiu2)
妥	to5(to2)
妾	cip3
妻	cai1,cai3
妹	mui6
妮	nei4
姑	gu1
姐	ze2
姍	saan1,sin1
妯	zuk6(suk6),cau1
姒	ci5
委	wai2,wai1
姆	mou5
始	ci2
姓	sing3(seng3)
姊	zi2(ze2)
妳	naai5,nei5(lei5)
姜	goeng1
姘	ping1
姿	zi1
姣	gaau2,haau4
姨	ji4(ji1)
娃	waa1
姥	lou5,mou5
姪	zat6
姻	jan1
姚	jiu4
姦	gaan1
威	wai1
娑	so1
娘	noeng4
娣	dai6(tai5,tai6)
娜	no5,no4(naa4)
娓	mei5
姬	gei1
娠	san1(zan3)
娟	gyun1
娛	jyu4
娌	lei5
娩	maan5,min5,faan3
娥	ngo4
婉	jyun2(wun2)
婆	po4
婊	biu2
婦	fu5
婪	laam4
娶	ceoi3(ceoi2)
婀	o1(ngo1,o2)
婁	lau4,leoi4
娼	coeng1
婢	pei5
婚	fan1
婷	ting4
媚	mei6(mei4)
婿	sai3
媒	mui4
媛	wun4(jyun4),jyun6
嫂	sou2
嫁	gaa3
嫉	zat6(zaat6)
嫌	jim4
媾	gau3(kau3)
媽	maa1(maa5),maa2,maa4
媳	sik1
媲	pei3(bei2)
嫡	dik1
嫩	nyun6
嫗	jyu2(jyu3)
嫖	piu4,piu1
嫣	jin1
嫦	soeng4
嫘	leoi4
嬉	hei1,hei2
嫻	haan4
嫺	haan4
嬋	sim4(sin4)
嫵	mou5(mou4)
嬌	giu1
嬴	jing4
嬝	niu5
嬪	pan4(ban3)
嬤	maa1(maa4,mo5)
嬰	jing1
嬸	sam2
孀	soeng1
子	zi2,ci4
孑	kit3(git3)
孓	kyut3
孔	hung2
孕	jan6
字	zi6
存	cyun4
孝	haau3
孜	zi1
孚	fu1
孟	maang6
孤	gu1
季	gwai3
孩	hoi4(haai4)
孫	syun1,seon3
孰	suk6
孳	zi1
孱	saan4,caan3(zaan6)
孵	fu1
學	hok6
孺	jyu4(jyu6)
孽	jit6(jip6)
孿	lyun4(syun3)
它	taa1(to1)
宇	jyu5
守	sau2,sau3
宅	zaak6
安	on1(ngon1)
完	jyun4
宋	sung3
宏	wang4
宗	zung1
定	ding6(deng6),ding3
官	gun1
宜	ji4
宙	zau6
宛	jyun2(wun2),jyun1
宣	syun1
宦	waan6
室	sat1
宥	jau6
客	haak3
宰	zoi2
家	gaa1,gu1,ze1
宴	jin3
宮	gung1
宵	siu1
害	hoi6,hot3(hot6)
容	jung4
密	mat6
寇	kau3
寅	jan4
寄	gei3
寂	zik6
宿	suk1,sau3
寒	hon4
富	fu3
寓	jyu6
寐	mei6
寞	mok6
寧	ning4(ning6)
寡	gwaa2
寥	liu4
寨	zaai6
實	sat6
寢	cam2
寤	ng6
察	caat3
寮	liu4
寬	fun1
審	sam2
寫	se2
寵	cung2
寶	bou2
寸	cyun3
寺	zi6(zi2)
封	fung1
射	se6(sik6),jik6,je6
尉	wai3,wat1
專	zyun1
將	zoeng3,zoeng1,coeng1
尊	zyun1,zeon1
尋	cam4
對	deoi3
導	dou6
小	siu2
少	siu2,siu3
尖	zim1
尚	soeng6
尤	jau4
尬	gaai3
就	zau6
尷	gaam1
尸	si1
尺	cek3,ce2
尼	nei4
局	guk6
屁	pei3
尿	niu6(seoi1)
尾	mei5
居	geoi1,gei1
屆	gaai3
屈	wat1,gwat6
屎	si2,hei1
屏	ping4,bing2,bing1
屍	si1
屋	uk1(nguk1)
展	zin2
屑	sit3
屐	kek6
屠	tou4,ceoi4
屜	tai3
屢	leoi5
層	cang4
履	lei5(leoi5)
屬	suk6,zuk1,zuk6
屯	tyun4,zeon1,seon4
山	saan1
屹	ngat6
岐	kei4
岑	sam4
岔	caa3
岌	kap1(gap6,ngap6)
岷	man4
岸	ngon6
岩	ngaam4
崗	gong1
岡	gong1
岫	zau6
岱	doi6
岳	ngok6
峙	ci5(zi6),si6
峽	haap6(hap6)
峭	ciu3
峻	zeon3
峪	juk6(jyu6)
峨	ngo4
峰	fung1
島	dou2
崇	sung4
崆	hung1
崎	kei1,kei4
崛	gwat6
崖	ngaai4
崑	kwan1(gwan1)
崩	bang1
崢	zaang1(caang4,zang1)
崔	ceoi4,ceoi1
崙	leon4
嵌	ham6(haam1,ham2,ham3)
嵐	laam4
嵩	sung1
嶄	zaam2(caam5,zaam3),caam4
嶇	keoi1
嶝	dang3
嶼	zeoi6,jyu4
嶺	ling5(leng5)
嶽	ngok6
巍	ngai4
巒	lyun4
巔	din1
巖	ngaam4(jim4)
川	cyun1
州	zau1
巢	caau4
工	gung1
巨	geoi6
巧	haau2(kiu2)
左	zo2
巫	mou4
差	caa1,caai1,ci1,co1
己	gei2
已	ji5
巳	zi6
巴	baa1
巷	hong6
巽	seon3
巾	gan1
市	si5
布	bou3
帆	faan4(faan6)
希	hei1
帘	lim4
帚	zau2(zaau2)
帖	tip3
帛	baak6
帑	tong2,nou4
帕	paak3(paa3),mat6(mak6)
帝	dai3
帥	seoi3,seot1
席	zik6
師	si1
帶	daai3
帳	zoeng3
常	soeng4
帷	wai4
幅	fuk1
帽	mou6(mou2)
幀	zing3
幌	fong2
幛	zoeng3
幣	bai6
幕	mok6
幗	gwok3
幔	maan6
幢	cong4,tong4,zong6
幟	ci3
幫	bong1
干	gon1,gon3
平	ping4(peng4)
并	bing6(bing3),bing1
年	nin4
幸	hang6
幹	gon3,hon4
幻	waan6
幼	jau3
幽	jau1
幾	gei2,gei1
序	zeoi6
庇	bei3
庚	gang1
店	dim3
府	fu2
底	dai2,dik1
庖	paau4
庠	coeng4
度	dou6,dok6
庫	fu3,se3
庭	ting4,ting3
座	zo6(zo2)
康	hong1
庸	jung4
庶	syu3
庵	am1(ngam1)
菴	am1(ngam1)
庾	jyu5(jyu4)
廊	long4
廂	soeng1
廁	ci3,cak1(zak1)
廉	lim4
廈	haa6
廓	kwok3(gwok3)
廖	liu6
廢	fai3
廚	ceoi4(cyu1,cyu4)
廟	miu6
廝	si1
廣	gwong2
廠	cong2
龐	pong4(lung4)
廬	lou4
廳	teng1(ting1)
廷	ting4
延	jin4
建	gin3
廿	jaa6(jap6,je6,nim6)
弁	bin6,pun4
弄	lung6(nung6)
弈	jik6
弊	bai6
式	sik1
弓	gung1
弔	diu3(dik1)
引	jan5
弘	wang4
弗	fat1
弛	ci2(ci4)
弟	dai6,tai5(tai6),teoi4
弦	jin4(jyun4)
弧	wu4
弩	nou5
弭	mei5(mai5)
弱	joek6
張	zoeng1,zoeng3
強	koeng4,koeng5,goeng6(koeng3)
弼	bat6
彆	bit3
彈	taan4,daan6,daan2
彌	mei4(nei4)
彎	waan1
彗	wai6(seoi6)
彙	wai6(wui6)
彝	ji4
形	jing4
彤	tung4
彥	jin6
彬	ban1
彩	coi2
彫	diu1(tiu1)
彭	paang4(bong1,pong4)
彰	zoeng1
影	jing2(jeng2)
彷	pong4,fong2
役	jik6
往	wong5
征	zing1
彿	fat1
彼	bei2
很	han2
待	doi6(daai1)
律	leot6
徊	wui4
徇	seon1(seon6)
後	hau6
徒	tou4
徑	ging3
徐	ceoi4
得	dak1
徙	saai2
徘	pui4
從	cung4,sung1(cung1),zung6,zung1(zung3)
御	jyu6,ngaa6
復	fuk6,fau6,fuk1
循	ceon4
徨	wong4
徬	pong4,bong6
微	mei4
徹	cit3
德	dak1
徵	zing1,zi2,cing4
徽	fai1
心	sam1
必	bit1
忙	mong4
忖	cyun2
忘	mong4(mong6)
忌	gei6
志	zi3
忍	jan2(jan5)
忱	sam4
快	faai3
忝	tim2(tim5)
忠	zung1
忽	fat1
念	nim6
忿	fan5(fan2),fan6
怔	zing1
怯	hip3
怵	zeot1(ceot1),seot1
怖	bou3
怪	gwaai3
怏	joeng2(joeng3)
怕	paa3
性	sing3
怡	ji4
思	si1,si3,soi1
怒	nou6
怠	toi5(doi6)
急	gap1
怎	zam2(dim2,zaam2)
怨	jyun3
恨	han6
恢	fui1
恆	hang4,gang3(gang1,gang2)
恃	ci5(si5)
恬	tim4(tim5)
恍	fong2
恫	dung6,tung1
恰	hap1(aam1)
恪	kok3
恤	seot1
恙	joeng6
恣	zi3(ci3),zi1(ci1)
恥	ci2
恐	hung2
恭	gung1
恩	jan1
恕	syu3
息	sik1,sak1
悌	dai6(tai5,tai6)
悅	jyut6
悟	ng6
悖	bui6(bui3),but6
悚	sung2
悍	hon6(hon5)
悄	ciu2(ciu5)
悔	fui3
恿	jung2(jung5)
患	waan6
悉	sik1
悠	jau4
您	nei5
惋	wun2(jyun2)
悴	seoi6
惦	dim3
悽	cai1
情	cing4
悻	hang6(hang5)
悵	coeng3(zoeng3)
惜	sik1
悼	dou6
惘	mong5
惕	tik1
惆	cau4
惟	wai4
悸	gwai3(gwai6)
惚	fat1
惑	waak6
惡	ok3(ngok3),wu3,wu1,fu1
惠	wai6
悶	mun6
悲	bei1
愜	hip3(hip6)
惰	do6
慨	koi3(koi2)
愣	ling6(ling4),leng1
惺	sing1(sing2)
愕	ngok6
惻	cak1(caak1)
惴	zeoi3(cyun2)
慍	wan3(wan2)
惱	nou5
愎	bik1(fuk1)
惶	wong4
愉	jyu4(jyu6)
愀	ciu2(cau5)
意	ji3
想	soeng2
惹	je5
愚	jyu4
感	gam2
愛	oi3(ngoi3)
愁	sau4
愈	jyu6
慎	san6
慌	fong1,fong2
慄	leot6
愾	koi3,hei3
愴	cong3(cong2)
愧	kwai3(kwai5)
慈	ci4
愿	jyun6
慇	jan1
態	taai3
慷	hong1(hong2,kong2)
慳	haan1
慚	caam4
慢	maan6
慣	gwaan3
慟	dung6
慘	caam2
慶	hing3,goeng1
慧	wai6(wai3)
慝	tik1,nik1
慕	mou6
憂	jau1
慰	wai3
慮	leoi6,lou4,luk6
慼	cik1
慫	sung2
慾	juk6
憧	cung1,zung1
憐	lin4
憎	zang1
憫	man5
憤	fan5
憬	ging2
憚	daan6
憔	ciu4
憲	hin3
憑	pang4(bang6)
憩	hei3
憊	baai6(bei6)
懍	lam5
憶	jik1
憾	ham6
懂	dung2
懊	ou3(ngou3)
懈	haai6(gaai3,haai5)
應	jing3,jing1
懇	han2
懦	no6
懣	mun6(mun5)
懲	cing4
懷	waai4
懶	laan5
懵	mung4,mung5(mung2)
懸	jyun4
懺	caam3(cim3)
懼	geoi6(geoi2)
懿	ji3
戀	lyun2(lyun5)
戈	gwo1
戊	mou6
戎	jung4
戌	seot1
戍	syu3
成	sing4(seng4),cing4
戒	gaai3
我	ngo5
或	waak6
戕	coeng4
戛	gaat3(aat3,git3)
戚	cik1
戟	gik1
戡	ham1,zam3
戢	cap1(zap1)
截	zit6
戮	luk6
戰	zin3
戴	daai3
戲	hei3,fu1,fai1
戳	coek3(cok3,zoek3)
房	fong4,pong4
戾	leoi6(lai6,lit6)
所	so2
扁	bin2,pin1
扇	sin3
扈	wu6
扉	fei1
才	coi4
手	sau2
扎	zaat3(zaap3)
打	daa2,daa1,ding2
扔	jing4(wing1)
扒	paa4,baat3,paa1
扛	gong1(kong1)
扣	kau3
托	tok3
抗	kong3
抖	dau2
技	gei6
扶	fu4,pou4
抉	kyut3
扭	nau2(nau5)
把	baa2(baa3)
扼	ak1(aak1,ngak1)
找	zaau2
抒	syu1
抄	caau1
批	pai1
扯	ce2
抑	jik1
折	zit3,sit6,zip3
扳	paan1(baan2),baan1
扮	baan3(baan6),fan5
投	tau4
抓	zaau2(aau1,zaa1)
承	sing4,cing2
拉	laai1(laap6),laa1(laat6)
拌	bun6,pun3(pun1)
拄	zyu2
抿	man5(man4)
拂	fat1,bat6
抹	mut3(mut6),maat3
拒	keoi5
招	ziu1
拓	tok3,taap3,zek3
拔	bat6
拋	paau1
抨	ping1(paang1,ping4)
拆	caak3
拈	nim1(nim4),nin2
抽	cau1
押	aap3(aat3,ngaap3,ngaat3)
拐	gwaai2
拙	zyut3(zyut6)
拇	mou5
披	pei1
拍	paak3
抵	dai2,zi2
拚	pun3(pun1,pun2),faan1,ping1,fan3
抱	pou5,bou6,paau1
拘	keoi1
拖	to1
拗	aau3(ngaau3),aau2(ngaau2),juk6
抬	toi4
拜	baai3(baai1)
挖	waat3(waa1)
按	on3(ngon3)
拼	ping1(ping3)
挑	tiu1(tiu5),tou1
拭	sik1
持	ci4
拮	git3(gat1)
指	zi2
拱	gung2
拷	haau2(haau1)
拯	cing2
拽	jai6
拴	saan1(cyun4)
括	kut3,gwaat3
拾	sap6(sip3)
拿	naa4
挈	kit3(hit3)
拳	kyun4
挾	hip6(haap6,hip3),gaap3
振	zan3,zan1
捕	bou6
捂	wu2(ng6)
挪	no4
捎	saau1,siu1
捆	kwan2
捏	nip6
捉	zuk3(zuk1)
捐	gyun1
挺	ting5(ting2)
挽	waan5
挫	co3
挨	aai1(ngaai1,ngoi2,oi2),ngaai4
掠	loek6
控	hung3
捲	gyun2
掖	jik6(jat6)
探	taam3,taam1
接	zip3
捩	lit6(leoi6),lai6
捷	zit6(zit3)
捧	pung2(bung2,fung2)
掘	gwat6
措	cou3
捱	ngaai4
掩	jim2
掃	sou3(sou2)
掛	gwaa3(kwaa3)
捫	mun4(mun1)
掉	diu6(deu6),zaau6
排	paai4,bik1
捨	se2
推	teoi1
掄	leon4
授	sau6
掙	zang1(zaang1),zaang6
採	coi2
掬	guk1
掏	tou4(tou1)
掀	hin1(hin3)
捻	nin2,nip6,nim2(nim5),nim1,nan2
掌	zoeng2
掣	zai3(cit3)
揮	fai1
描	miu4
揀	gaan2
揉	jau4(jau6)
揆	kwai5(kwai4)
揍	zau3(cau3)
插	caap3
握	ak1(aak1,ngak1)
摒	bing3(bing2)
揩	haai1
揣	ceoi2(cyun2)
提	tai4,si4
揖	jap1,cap1
揭	kit3,gai6(hei3)
揚	joeng4
捶	ceoi4
援	wun4(jyun4,jyun6)
揪	zau1
換	wun6
搜	sau2(sau1)
搾	zaa3
搞	gaau2
搪	tong4
搓	co1
搭	daap3
搽	caa4
搏	bok3
搔	sou1
損	syun2
搬	bun1
搶	coeng2,coeng1(cong2),cong1
搖	jiu4
搗	dou2
摘	zaak6
摔	seot1(seoi1)
摑	gwaak3(gwok3)
摸	mo2(mok3,mok6),mou4
摺	zip3(zaap3)
摧	ceoi1(ceoi4)
摟	lau1,lau4,lau5
撇	pit3
摹	mou4
摩	mo1(mo4)
摯	zi3
撤	cit3
撞	zong6(cong4)
撈	lou4(laau1,laau4,lou1)
撰	zaan6(zaan3)
撥	but6(but3),put3
撓	naau4(naau5,naau6)
撕	si1,sai1
撩	liu4,liu1,liu6
撒	saat3
撐	caang1
撲	pok3,puk1
撮	cyut3
播	bo3
撫	fu2
撚	nin2(nan2,nin5)
撬	giu6(hiu3)
擅	sin6
擁	jung2,ung2
撻	taat3
擂	leoi4
擋	dong2,dong3
據	geoi3
擄	lou5
擇	zaak6
操	cou1,cou3
撼	ham6
擔	daam1,daam3
擒	kam4
撿	gim2
擊	gik1
擘	maak3,baai1
擎	king4
擠	zai1
擰	ning4(ling2),ning6(ling6),ning1
擦	caat3
擬	ji5(ji4)
擱	gok3
擴	kwok3(gwok3,kong3,kwong3)
擲	zaak6
擾	jiu5(jiu2)
攆	lin5
擻	sau2,sau3
擺	baai2
攀	paan1
攏	lung5(lung4)
攘	joeng4,joeng5(joeng6)
攔	laan4
攙	caam1
攝	sip3,nip6
攜	kwai4
攤	taan1
攣	lyun4(lyun1)
攫	fok3(gwok3)
攪	gaau2
攬	laam5(laam2)
支	zi1
收	sau1
改	goi2
攻	gung1
放	fong3,fong2
政	zing3
故	gu3
效	haau6
啟	kai2
敖	ngou6,ngou4
救	gau3
教	gaau3,gaau1
敝	bai6
敗	baai6
敏	man5
敘	zeoi6
敦	deon1,deoi1,deoi3(deoi6),tyun4,deon6,diu1
敢	gam2
散	saan3,saan2
敞	cong2
敬	ging3
敲	haau1
敵	dik6
敷	fu1
數	sou2,sou3,sok3,cuk1
整	zing2
斃	bai6
斂	lim5(lim6)
文	man4(man1),man6
斑	baan1
斐	fei2
斗	dau2,dau3
料	liu6(liu2)
斜	ce4,je4
斟	zam1
斡	waat3,gun2
斤	gan1(gan3)
斥	cik1
斧	fu2
斫	zoek3
斬	zaam2
斯	si1
新	san1
斷	dyun6(tyun5),dyun3
方	fong1
於	jyu1,wu1,jyu4
施	si1(si3),ji6
旁	pong4,bong6
旅	leoi5(leoi3)
族	zuk6
旋	syun4
旌	zing1(sing1)
旎	nei5
旗	kei4
旖	ji2
既	gei3
日	jat6(mik6)
旦	daan3,daan2
旨	zi2
早	zou2
旬	ceon4
旭	juk1
旱	hon5
旺	wong6
昔	sik1
昆	kwan1(gwan1)
昌	coeng1
易	jik6,ji6
昂	ngong4(ngong5)
明	ming4
昏	fan1
昇	sing1
春	ceon1
昭	ciu1(ziu1)
昧	mui6
是	si6
映	jing2,joeng2
星	sing1(seng1)
昨	zok6(zok3)
晏	aan3(ngaan3)
時	si4
晉	zeon3
晃	fong2
晌	hoeng2
晝	zau3
晤	ng6
晨	san4
晚	maan5
晦	fui3
普	pou2
晰	sik1(cik1)
晴	cing4(ceng4)
晶	zing1
景	ging2,jing2
暑	syu2
智	zi3
暗	am3(ngam3)
暉	fai1
暈	wan6,wan4,jan3
暇	haa6(haa4)
暖	nyun5,hyun1
暨	kei3(gei6)
暢	coeng3
暮	mou6
暫	zaam6
暴	bou6,buk6
曆	lik6
曉	hiu2
暹	cim3(cim1)
曙	cyu5(syu5,syu6)
曖	oi3(ngoi3,oi2)
曠	kwong3(kong3)
曝	buk6(bou6)
曦	hei1
曬	saai3
曰	jyut6(joek6)
曲	kuk1
曳	jai6(jai5)
更	gaang1,gang1,gang3
曷	hot3(hot6)
書	syu1
曹	cou4
勗	juk1
曾	cang4,zang1
替	tai3
會	wui6,kui2(kui3),wui5(wui3)
月	jyut6
有	jau5,jau6
服	fuk6
朋	pang4
朔	sok3
朕	zam6
朗	long5
望	mong6(mong4)
期	kei4,gei1
朝	ziu1,ciu4,zyu1
朦	mung4
朧	lung4
木	muk6
朮	seot6
本	bun2
未	mei6
末	mut6
札	zaat3
朽	jau2(nau2,nau5)
朴	pok3(piu4,po1)
朱	zyu1,syu4
朵	do2(doe2)
李	lei5
材	coi4
杆	gon1
村	cyun1
杜	dou6
杖	zoeng6
杞	gei2(hei2)
束	cuk1
杏	hang6
杉	caam3(saam1)
杭	hong4
枕	zam2,zam3
杰	git6
杷	paa4
枝	zi1,kei4
林	lam4
杯	bui1
板	baan2
枉	wong2
東	dung1
果	gwo2(gu2)
杳	miu5(jiu2)
枇	pei4
松	cung4,sung1
析	sik1(cik1)
杵	cyu2(cyu5)
柿	ci5(ci2)
染	jim5
柱	cyu5
柔	jau4
某	mau5
架	gaa3
枯	fu1
柩	gau6
柯	o1(ngo1)
柄	bing3(beng3)
柑	gam1,kim4
柬	gaan2
柵	caak3(zaap3),saan1
柺	gwaai2
柚	zuk6,jau6(jau2),jau4
查	caa4,zaa1
枸	geoi2,gau2,gau1
柏	baak3(paak3)
柳	lau5
檯	toi4
校	gaau3,haau6
核	hat6,wat6
案	on3(ngon3)
框	hong1(kwaang1)
桓	wun4
根	gan1
桂	gwai3
桔	gat1(git3),kit3
栩	heoi2
栗	leot6
桑	song1
栽	zoi1
桌	zoek3(coek3)
柴	caai4,zaai6
桐	tung4
桀	git6
格	gaak3
桃	tou4
株	zyu1
桅	wai4(ngai4)
栓	saan1
梳	so1
梁	loeng4
梯	tai1,tai2
梢	saau1
梓	zi2
梵	faan6(faan4)
桶	tung2
梧	ng4,ng6
梗	gang2(gwaang2)
械	haai6
桿	gon1(gon2,gon3)
梃	ting5
梭	so1
梆	bong1
梅	mui4
條	tiu4(tiu5)
梨	lei4
梟	hiu1
棄	hei3
棺	gun1,gun3
棕	zung1
椅	ji2,ji1
棟	dung3(dung6)
森	sam1
棧	zaan6(zaan2)
棒	paang5
棲	cai1(sai1)
棣	dai6
棋	kei4
植	zik6
棠	tong4
棘	gik1(kik1)
棗	zou2
棵	fo2(fo1,po1)
棹	zoek3,zaau6
棍	gwan3
椒	ziu1
椎	zeoi1,ceoi4
棉	min4
棚	paang4
榔	long4
楚	co2
楠	naam4
楔	sit3
極	gik6
椰	je4
概	koi3(goi3)
業	jip6
楷	kaai2,gaai1
楊	joeng4
楨	zing1
楫	zip3
楞	ling6,ling4
楓	fung1
楹	jing4
榆	jyu4
榜	bong2,pong3,pang4,bong3
榨	zaa3
榕	jung4
槁	gou2
榮	wing4
榷	gok3,kok3
槓	gong3,lung5
構	gau3(kau3)
榛	zeon1
榻	taap3
榴	lau4
槐	waai4
槍	coeng1,caang1
榭	ze6
槌	ceoi4
榦	gon3,hon4
樑	loeng4
樣	joeng6
樟	zoeng1
槨	gwok3
樁	zong1
樞	syu1
標	biu1
槽	cou4
樊	faan4(faan6)
模	mou4
樓	lau4
槳	zoeng2
樂	lok6,ngok6,ngaau6,lok3
樽	zeon1
橙	caang4(caang2),dang3
橫	waang6,waang4,gwong1
橘	gwat1(gat1)
樹	syu6
橄	gam2(gaam3)
橢	to5(to2)
樸	pok3,buk6(buk1)
樺	waa6(waa4)
橡	zoeng6
橋	kiu4
橇	hiu1(ceoi3,zyut3)
樵	ciu4
機	gei1
檀	taan4
檔	dong3,dong2
檄	hat6
檢	gim2
檜	kui2(kui3)
櫛	zit3
檳	ban1(bing1)
檸	ning4(ling4)
柜	geoi2,gwai6
櫃	gwai6
檻	haam5,laam6
櫂	zaau6
檬	mung4(mung1)
櫥	cyu4(ceoi4,cyu1)
櫝	duk6
櫚	leoi4(leoi3)
櫓	lou5
欄	laan4
櫻	jing1
權	kyun4
欖	laam5
欠	him3
次	ci3,ci1(zi1)
欣	jan1
欲	juk6
款	fun2
欺	hei1
欽	jam1
歇	hit3
歉	hip3(him3)
歌	go1
嘆	taan3(taan1)
歎	taan3
歐	au1(ngau1),au2(ngau2)
歟	jyu4
歡	fun1
止	zi2
正	zing3(zeng3),zing1
此	ci2
步	bou6,fau6
武	mou5
歧	kei4
歪	waai1(me2)
歲	seoi3
歷	lik6
歸	gwai1,kwai3,gwai6
歹	daai2(aat3),ngaat6
死	sei2(si2)
歿	mut6
殃	joeng1
殆	toi5(doi6)
殊	syu4
殉	seon1(seon6)
殘	caan4
殖	zik6
殤	soeng1
殮	lim6
殯	ban3
殲	cim1
段	dyun6
殷	jan1,jin1(aan1),jan2
殺	saat3,saai3
殼	hok3
毀	wai2
殿	din6
毅	ngai6
毆	au2(ngau2)
毋	mou4
母	mou5(mau4)
每	mui5
毒	duk6,duk1
毓	juk1(juk6)
比	bei2,bei6(bei3),pei4
毗	pei4(bei2)
毛	mou4,maau4
毫	hou4
毯	taan2(taam2)
毽	gin3(jin2)
氏	si6,zi1
民	man4
氐	dai1,dai2
氓	man4(maang4,mang4,mong4)
氖	naai5
氛	fan1
氟	fat1
氣	hei3
氧	joeng5
氨	on1(ngon1)
氦	hoi6
氤	jan1
氫	hing1
氮	daam6
氯	luk6
水	seoi2
永	wing5
汁	zap1
汀	ting1(ding1)
氾	faan3,faan4
汗	hon6,hon4
污	wu1,wu3,waa1
江	gong1
池	ci4,to4
汐	zik6
汕	saan3
汝	jyu5
求	kau4
汞	hung6(hung3)
沁	sam3
沈	cam4(zam3),sam2
沅	jyun4
沛	pui3
汪	wong1
決	kyut3,hyut3
沐	muk6
汰	taai3
沌	cyun5,deon6
沙	saa1
汨	mik6
沖	cung1
沒	mut6(mei6)
汽	hei3
沃	juk1
汲	kap1
汾	fan4
泣	jap1
注	zyu3
泳	wing6
沱	to4
泌	bei3,bat6(bai3),bat1
泥	nai4,nei6(nai6),nai5
河	ho4
沽	gu1,gu2,gu3
泄	sit3,jai6
洩	sit3,jai6
沼	ziu2
沫	mut6(mut3)
法	faat3(fat3)
泓	wang4
沸	fai3
泱	joeng1(ngong1,ong1)
沾	zim1(tip3)
油	jau4
況	fong3
沮	zeoi3,zeoi1(ceoi1),zeoi2(zeoi6)
泗	si3(sei3)
泅	cau4(jau4)
泊	bok6(baak3,paak3)
波	bo1
沿	jyun4
治	zi6,ci4
泡	paau3,pou5,paau1,paau4
泛	faan3,fung2(fung3)
泉	cyun4
洛	lok3(lok6)
洋	joeng4
洲	zau1
洪	hung4
津	zeon1
洱	ji5(nei2)
洞	dung6,tung4
洗	sai2,sin2
活	wut6,kut3
洽	hap6(ap1,haap6,hap1)
派	paai3
洶	hung1
泰	taai3
涌	jung2(jung5),cung1
流	lau4
浪	long6,long4
涕	tai3
涇	ging1
浦	pou2(pou4)
浸	zam3,cam1
浙	zit3
消	siu1
涓	gyun1
浬	lei5
涉	sip3
海	hoi2
浮	fau4
浚	zeon3(seon3)
浴	juk6
浩	hou6
涎	jin4
涼	loeng4,loeng6
淳	seon4
淙	cung4(cung6,zung1)
液	jik6(jat6)
淡	daam6(taam5),jim5,taam4
淤	jyu1(jyu2,jyu3)
淚	leoi6
深	sam1
淺	cin2,zin1
清	cing1(ceng1)
淇	kei4
淋	lam4
涯	ngaai4(ji4)
涮	saan3(syun3),hyun1
淞	sung1
淹	jim1
淅	sik1
淒	cai1
渚	zyu2
涵	haam4
添	tim1
淌	tong2
淑	suk6
涸	kok3(hok6)
混	wan6,wan4,gwan2
淵	jyun1
淫	jam4
淘	tou4
淪	leon4
淮	waai4
淨	zing6(zeng6)
淆	ngaau4
淄	zi1
游	jau4(jau6)
湔	zin1,zin3
渡	dou6
渲	syun3(hyun1,syun1)
渾	wan4,wan6,gwan2
港	gong2
湧	jung2(jung5),cung1
湊	cau3
渠	keoi4
渥	ak1(ngak1)
渣	zaa1
湛	zaam3,daam1,cam4
湘	soeng1
渤	but6
湖	wu4
湮	jan1(jin1)
溉	koi3(goi3)
渭	wai6
渦	wo1,gwo1
湯	tong1,soeng1,tong3,joeng4
渴	hot3,kit3
湍	teon1(cyun2,tyun1,zyun2)
渺	miu5
測	cak1(caak1)
減	gaam2
湃	paai3(baai3)
渝	jyu4
渙	wun6
溯	sou3
滓	zi2
溶	jung4
滂	pong1(pong4)
溢	jat6
源	jyun4
溝	kau1(gau1)
滇	tin4(din1)
滅	mit6
溥	pou2
溘	hap6(hap1)
溼	sap1
溺	nik6(nik1),niu6
滋	zi1
滑	waat6,gwat1
準	zeon2,zyut3
溜	lau6(lau4,liu1)
滄	cong1
滔	tou1
溪	kai1
漳	zoeng1
演	jin5(jin2)
滾	gwan2
漓	lei4
滴	dik1(dik6)
漩	syun4
漾	joeng6
滬	wu6
漬	zi3(zi6,zik1)
漏	lau6
漂	piu1,piu3
漢	hon3
滿	mun5,mun6
滯	zai6
漆	cat1
漱	sau3,sou3
漸	zim6,zim1,caam4
漲	zoeng3(zoeng2)
漣	lin4
漕	cou4
漠	mok6
漫	maan6(maan4)
滌	dik6
漪	ji1(ji2)
漁	jyu4
滲	sam3
漿	zoeng1
澈	cit3
潼	tung4
澄	cing4,dang6
潑	put3
潦	lou5,lou6,liu4(liu2,liu5)
潔	git3
澆	giu1(hiu1),ngou6(jiu6)
潭	taam4
潛	cim4
潸	saan1(saan2,sim2)
潮	ciu4
澎	paang4(paang1)
潺	saan4
潤	jeon6
澗	gaan3(gaan2)
潰	kui2
潘	pun1
濂	lim4
澱	din6
澡	zou2(cou3)
濃	nung4(jung4)
澤	zaak6
濁	zuk6
澧	lai5
澳	ou3(ngou3),juk1
激	gik1
澹	daam6(taam5),taam4
濘	ning6
濱	ban1
濟	zai3,zai2
濠	hou4
濤	tou4
濫	laam6,haam5
濯	zok6
澀	saap3(gip3,sap1,sik1)
濡	jyu4
濛	mung4
濬	zeon3(zeon6),seon3
瀉	se3(se2)
瀋	sam2
瀆	duk6,dau6
濾	leoi6
濺	zin3,zin1
瀑	buk6,bou6
瀏	lau4
瀛	jing4
瀨	laai6
瀚	hon6
瀝	lik6(lik1)
瀕	pan4,ban1
瀟	siu1
瀾	laan4,laan6
瀰	nei4(mei4,mei5)
灌	gun3
灑	saa2
灘	taan1
灣	waan1(waan4)
火	fo2
灰	fui1
灶	zou3
灼	zoek3(coek3)
災	zoi1
灸	gau3
炕	kong3(hong3)
炎	jim4
炒	caau2
炊	ceoi1(ceoi3)
炙	zek3(zik3)
炫	jyun6(jyun4)
為	wai4,wai6
炳	bing2
炬	geoi6
炯	gwing2
炭	taan3
炸	zaa3
炮	paau3,paau4,baau3(baau1)
烊	joeng4(joeng6)
烘	hung1(hong3,hung3,hung4)
烤	haau2(haau1)
烈	lit6
烙	lok3(lok6)
烏	wu1
烹	paang1
焊	hon6(hon2)
焉	jin4,jin1
烽	fung1
焙	bui6
焚	fan4,fan3
煮	zyu2
焦	ziu1
焰	jim6(jim4)
無	mou4,mo4
然	jin4
煎	zin1
煙	jin1
煩	faan4
煤	mui4
煉	lin6
照	ziu3
煜	juk1(jap6)
煬	joeng4,joeng6
煨	wui1
煦	heoi2(heoi3,jyu2,jyu3)
煌	wong4
煥	wun6
煞	saat3
熔	jung4
煽	sin3
熙	hei1
熊	hung4
熄	sik1
熟	suk6
熬	ngou4(ngaau4)
熱	jit6
熨	wat1,wan6(tong3)
熾	ci3
燉	dan6(deon6)
燐	leon4
燙	tong3
燒	siu1
燈	dang1
燕	jin3,jin1
熹	hei1
燎	liu4(liu5,liu6)
燜	mun6(man1)
燃	jin4
燄	jim6(jim4)
燧	seoi6
營	jing4
燮	sit3(sip3)
燦	caan3
燥	cou3
燭	zuk1
燬	wai2
燴	wui6
燻	fan1
爆	baau3(bok3,paau3)
爍	soek3(lik1),lok6
爐	lou4
爛	laan6
爨	cyun3
爪	zaau2
爬	paa4
爭	zang1(caang1,zaang1)
爰	wun4(jyun4)
爵	zoek3
父	fu6,fu2
爸	baa1
爹	de1
爺	je4
爻	ngaau4
爽	song2
爾	ji5
牆	coeng4
片	pin3,pin2
版	baan2
牌	paai4
牒	dip6
牖	jau5
牘	duk6
牙	ngaa4
牛	ngau4
牟	mau4,muk6
牝	pan5(fan5)
牢	lou4
牡	maau5(mau5)
牠	taa1(to1)
牧	muk6
物	mat6
牲	saang1(sang1)
牯	gu2
牴	dai2
特	dak6
牽	hin1
犁	lai4
犄	gei1(gei2)
犀	sai1
犒	hou3
犖	lok6(lok3)
犛	lei4(maau4,mou4)
犢	duk6
犧	hei1
犬	hyun2
犯	faan6
狄	dik6
狂	kwong4(kong4)
狀	zong6
狎	haap6
狙	zeoi1
狗	gau2
狐	wu4
狩	sau3,sau2
狡	gaau2
狠	han2
狼	long4
狹	haap6(gip6)
狽	bui3
貍	lei4,maai4
狸	lei4
狷	gyun3(gyun1)
猜	caai1
猛	maang5
猖	coeng1
猙	zang1(zaang1)
猶	jau4
猥	wai2(wui1,wui2)
猩	sing1
猴	hau4
猷	jau4
猿	jyun4
猾	waat6
獅	si1
獄	juk6
獐	zoeng1
獎	zoeng2
獗	kyut3
獨	duk6
獰	ning4
獲	wok6,waai4
獷	gwong2
獵	lip6
獸	sau3
獺	caat3(taat3)
獻	hin3
玀	lo4
玄	jyun4
率	seot1,leot6,seoi3
王	wong4,wong6
玉	juk6
玖	gau2
玟	man4
玩	wun6,waan4
玫	mui4
玷	dim3(dim2)
珊	saan1
玻	bo1
玲	ling4
珍	zan1
珀	paak3
玳	doi6
班	baan1
珮	pui3
珠	zyu1
琉	lau4
琅	long4
琊	je4(ngaa4)
球	kau4
理	lei5
現	jin6
琺	faat3(fat3)
琪	kei4
琳	lam4
琢	doek3
琨	kwan1(gwan1)
琶	paa4
琥	fu2
琴	kam4
琦	kei4
瑯	long4
瑁	mou6,mui6
琿	wan4,fai1
瑚	wu4
瑕	haa4
瑟	sat1
瑞	seoi6
瑛	jing1
瑙	nou5
瑜	jyu4
瑰	gwai1,gwai3
瑪	maa5
瑣	so2
瑤	jiu4
瑩	jing4
璋	zoeng1
璃	lei4
璜	wong4
璣	gei1
環	waan4
璦	oi3(ngoi3)
璧	bik1(bik3)
璽	saai2
瓊	king4
瓏	lung4
瓜	gwaa1
瓠	wu6,wok6,wu4
瓢	piu4
瓣	baan6(faan6)
瓦	ngaa5(ngaa6)
瓶	ping4(peng4)
瓷	ci4
甄	jan1(zan1)
甌	au1(ngau1)
甕	ung3(ngung3)
甘	gam1
甚	sam6(sap6)
甜	tim4
生	saang1(sang1)
產	caan2
甦	sou1
甥	saang1(sang1)
用	jung6
甩	lat1
甬	jung2(jung5)
甫	fu2,pou2,pou3
甭	bat1(bang2,bung2)
田	tin4
由	jau4
甲	gaap3
申	san1
男	naam4
甸	din6(din1),tin4
畏	wai3
界	gaai3
畔	bun6
畝	mau5
畜	cuk1
畚	bun2
留	lau4
畦	kwai4
異	ji6
略	loek6
畢	bat1
畫	waak6,waa6(waa2)
番	faan1,pun1,po4,bo1
畸	gei1(kei1)
當	dong1,dong3
疇	cau4
疆	goeng1
疊	dip6(daap6)
疋	pat1,so1,ngaa5
疏	so1,so3
疑	ji4
疝	saan3
疙	ngat6(gat1,gat6)
疚	gau3
疤	baa1
疫	jik6
疥	gaai3
疾	zat6(zaat6)
病	bing6(beng6)
症	zing3,zing1
疳	gam1
疽	zeoi1(ceoi1)
疲	pei4
疼	tang4(tung3,tung4)
疹	can2(zan2)
痔	zi6
痕	han4
疵	ci1(ci4)
痊	cyun4
痛	tung3
痣	zi3
痙	ging6
痘	dau6
痞	pei2(fau2,pei5),mau1
痢	lei6
瘀	jyu1(jyu2,jyu3)
痰	taam4
瘁	seoi6
痳	maa4,lam4
痱	fai6(fai2,fei2),fei4
痺	bei3,bei1
痿	wai2(wai1)
痴	ci1
癡	ci1
瘧	joek6
瘍	joeng4
瘋	fung1
瘉	jyu6
癒	jyu6
瘓	wun6
瘐	jyu5
瘟	wan1
瘩	daap3(daat6)
瘠	zik3(zek3,zik6)
瘤	lau4
瘡	cong1
瘴	zoeng3
瘸	ke4(koe4)
癆	lou4
癌	ngaam4
療	liu4(liu6)
癖	pik1
癘	lai6(laai3,laai6)
癢	joeng5
癥	zing1(zing3)
癩	laai3(laai6),laat6
癮	jan5(jan2)
癬	sin2
癱	taan1(taan2)
癲	din1
癸	gwai3
登	dang1
發	faat3(fat3),but3(but6)
白	baak6
百	baak3,mak6
皂	zou6
的	dik1
皇	wong4
皆	gaai1
皈	gwai1
皎	gaau2
皖	wun5(wun2)
皓	hou6(gou2)
皚	ngoi4(ji4,ngoi2)
皮	pei4
皰	paau3
皴	ceon1(seon1)
皺	zau3
皿	ming5
盂	jyu4
盈	jing4
盃	bui1
盆	pun4
益	jik1
盍	hap6
盎	ong3(ngong3,on1)
盔	kwai1
盛	sing6,sing4
盒	hap6(haap6)
盜	dou6
盞	zaan2
盟	mang4,maang6
盡	zeon6,zeon2
監	gaam1,gaam3
盤	pun4
盧	lou4,leoi4
盥	gun3(fun2,gun2)
盪	dong6,tong3
目	muk6
盯	deng1(ding1)
盲	maang4
直	zik6
盹	deon6(zeon3)
相	soeng1,soeng3
眉	mei4
省	saang2,sing2
看	hon3,hon1
盾	teon5(seon5)
盼	paan3
眩	jyun6(jyun4,waan6)
真	zan1
眠	min4
眨	zaap3(zaam2)
眷	gyun3
眼	ngaan5
眶	kwaang1(hong1)
眾	zung3,zung1
眸	mau4
眺	tiu3
睏	kwan3
睛	zing1
睫	zit6(zip3,zit3)
睦	muk6
睞	loi6
睹	dou2
督	duk1
睬	coi2
睜	zaang1(zang1)
睥	pai5(pai3,pei5)
睨	ngai6
睽	kwai1(kwai4)
瞄	miu4
睿	jeoi6
睾	gou1
睡	seoi6
瞎	hat6
瞇	mei1(mai4,mi1),mai5
瞑	ming4(ming5),min6
瞌	hap6(hap1)
瞞	mun4
瞟	piu5(piu2)
瞠	caang1(tong4)
瞥	pit3
瞳	tung4
瞪	cing4(caang4,dang1,dang6)
瞰	ham3(ham6)
瞭	liu5,liu4
瞬	seon3
瞧	ciu4
瞽	gu2
瞿	geoi3(geoi2,geoi6),keoi4
瞻	zim1
矇	mung4
矓	lung4
矗	cuk1
矚	zuk1
矛	maau4
矜	ging1(ging6),gwaan1,kan4(kam4)
矢	ci2,si2
矣	ji5
知	zi1,zi3
矩	geoi2
短	dyun2
矮	ai2(aai2,ngai2)
矯	giu2(kiu2)
石	sek6,daam3
矽	zik6
研	jin4(ngaan4),jin6
砌	cai3(cit3)
砂	saa1
砍	ham2
砰	ping1(paang1),ping4
砸	zaap3
砝	faat3(fat3)
砧	zam1
破	po3
砥	dai2(zi1,zi2)
砭	bin1(bin2)
砲	paau3
硃	zyu1
硫	lau4
硬	ngaang6
硝	siu1
硯	jin6
碎	seoi3
碰	pung3
碗	wun2
碘	din2
碌	luk1(luk6)
碉	diu1
硼	pang4,paang1
碑	bei1
碟	dip6
碧	bik1
碩	sek6
碳	taan3
磋	co1
磅	bong6,pong4
確	kok3
磁	ci4
磊	leoi5
碾	nin5(nin6,zin2)
磕	hap6(ham2,koi3)
碼	maa5
磐	pun4
磨	mo4,mo6
磚	zyun1
磬	hing3
磷	leon4,leon6,ling4
磺	wong4
磴	dang3
磯	gei1
礁	ziu1
礎	co2
礙	ngoi6
礦	kwong3(gwong3,kong3)
礪	lai6
礬	faan4(faan6)
礫	lik1(lik6)
示	si6,kei4
社	se5(se6)
祀	zi6
祁	kei4
祆	hin1
祉	zi2(ci2)
祈	kei4
祇	kei4,zi2
祕	bei3(bai3)
祠	ci4
祝	zuk1,zau3
祐	jau6
祖	zou2
神	san4,san1
祚	zou6
祗	zi1(zi2)
祟	seoi6
祥	coeng4
票	piu3,biu1,biu6
祭	zai3,zaai3
視	si6
祺	kei4
祿	luk6
禁	gam3,gam1(kam1)
禎	zing1
福	fuk1
禍	wo6(wo5)
禦	jyu6
禧	hei1(hei2)
禪	sim4(sin4),sin6
禮	lai5
禱	tou2(dou2)
禺	jyu4,jyu6
萬	maan6,maak6
禽	kam4
禾	wo4
私	si1
秀	sau3
禿	tuk1
秉	bing2
科	fo1
秒	miu5
秋	cau1
秤	cing3,ping4
秣	mut3(mut6)
秦	ceon4
秧	joeng1
租	zou1
秩	dit6
移	ji4
稅	seoi3,tyut3,teoi3
稍	saau2
稈	gon2
程	cing4
稀	hei1
稜	ling4,ling6
稟	ban2,lam5
稚	zi6
稠	cau4
稔	nam5,jam5,nim1
種	zung2,zung3
稱	cing1,cing3(can3)
稿	gou2
稼	gaa3
穀	guk1,gau3,huk6
稽	kai1,kai2
稷	zik1
稻	dou6
積	zik1
穎	wing6
穇	saam1
穌	sou1
穗	seoi6
穡	sik1
穢	wai3
穫	wok6,wu6
穩	wan2
穴	jyut6
究	gau3
空	hung1,hung3
穹	kung4(gung1,hung1)
穿	cyun1
突	dat6(duk1)
窄	zaak3
窈	jiu2(miu5)
窒	zat6
窕	tiu5(diu6)
窘	kwan3(kwan5)
窗	coeng1
窖	gaau3
窟	fat1(gwat6)
窠	fo1(wo1)
窪	waa1
窩	wo1
窯	jiu4
窮	kung4
窺	kwai1
竄	cyun3(cyun2)
竅	hiu3(kiu3)
竇	dau6,dau3
竊	sit3
立	lap6(laap6)
站	zaam6
童	tung4
竣	zeon3(ceon1)
竭	kit3
端	dyun1
競	ging6(ging3)
竹	zuk1
竺	zuk1
竿	gon1
竽	jyu4
笆	baa1
笑	siu3
笠	lap1(lap6)
笨	ban6
第	dai6
笛	dek6
符	fu4
笙	saang1(sang1)
笞	ci1
等	dang2
策	caak3
筆	bat1
筐	hong1(kwaang1)
筒	tung4(tung2)
答	daap3
筍	seon2
筋	gan1
筏	fat6
筷	faai3
節	zit3
筠	wan4(gwan1)
管	gun2
箔	bok6
箕	gei1
箋	zin1
筵	jin4
箝	kim4
算	syun3
箏	zaang1(zang1)
箭	zin3
篇	pin1
箱	soeng1
範	faan6
箴	zam1
篆	syun6
篁	wong4
篙	gou1
築	zuk1
篤	duk1
篡	saan3
篩	sai1(si1)
簇	cuk1(zuk6)
簍	lau5
篾	mit6
篷	pung4
簧	wong4
簪	zaam1
簡	gaan2
簞	daan1
簣	gwai6
簫	siu1
簾	lim4
簿	bou6
簸	bo3(bo2)
簽	cim1
簷	jim4(jam4,sim4)
籃	laam4
籌	cau4
籍	zik6
籟	laai6
籠	lung4,lung5
籤	cim1
籬	lei4
籮	lo4
籲	jyu6(joek6)
米	mai5
粉	fan2
粒	nap1(lap1)
粗	cou1
粕	pok3(paak3)
粟	suk1
粥	zuk1,juk6
粱	loeng4
粳	gang1(gaang1)
粵	jyut6
粺	baai6(bai6)
粽	zung3(zung2)
精	zing1(zeng1)
糊	wu4
糕	gou1
糖	tong4
糠	hong1
糜	mei4(mai4)
糟	zou1
糞	fan3
糢	mou4
糙	cou3
糧	loeng4
糯	no6
系	hai6
糾	gau2(dau2)
紂	zau6
紅	hung4,gung1
紀	gei2(gei3)
紉	jan6(jan4)
紇	gat1,hat6
約	joek3
紡	fong2
紊	man6(leon6,man5)
紋	man4
素	sou3
索	saak3(suk3),sok3
純	seon4,zeon2,tyun4
紐	nau2(nau5)
紕	pei1(pai1),pei4
紜	wan4
紗	saa1
納	naap6
級	kap1
紙	zi2
紛	fan1
絆	bun6(bun3)
絃	jin4
紮	zaat3(zaap3)
紹	siu6
紼	fat1
絀	zyut3(ceot1,zeot1,zyut6)
細	sai3
紳	san1
組	zou2
累	leoi6,leoi5,leoi4
終	zung1
統	tung2
絞	gaau2,haau4
結	git3(lit3)
絨	jung4
絕	zyut6(zyut3)
紫	zi2
絮	seoi5(seoi3,seoi6)
絲	si1
絡	lok3(lok6)
給	kap1
絢	hyun3(seon1)
經	ging1
絹	gyun3
綑	kwan2
綁	bong2
綏	seoi1
綻	zaan6
綰	waan2(waan5)
綜	zung3(zung1)
綾	ling4
綴	zeoi3(zeoi6),zyut3(zyut6)
綺	ji2
緒	seoi5
綽	coek3
網	mong5
綱	gong1
緊	gan2
綠	luk6
綢	cau4
綿	min4
綵	coi2
綸	leon4,gwaan1
維	wai4,jung1
緇	zi1
締	dai3(dai6,tai3)
編	pin1
練	lin6
緯	wai5(wai6)
緻	zi3
緬	min5
緝	cap1
緘	gaam1(zin1)
緣	jyun4,jyun6
線	sin3
緞	dyun6
緩	wun6(wun4)
綞	do2
縕	wan2(wan3),wan1
縑	gim1
縈	jing4
縛	bok3(bok6,fok3)
縣	jyun6,jyun4
縮	suk1
績	zik1(zek3)
繆	mau6,miu6,mau4,muk6
縷	leoi5(lau5)
縲	leoi4
繃	maang1(mang2),bang1(baang6)
縫	fung6,fung4
總	zung2
縱	zung3,zung1,zung2
繅	sou1
繁	faan4,po4,pun4
織	zik1
繕	sin6
繞	jiu5(jiu2)
繚	liu4
繡	sau3
繫	hai6
繭	gaan2,gin2
繹	jik6
繩	sing4
繪	kui2(kui3)
繳	giu2,zoek3
繽	ban1(pan1)
辮	bin1
繼	gai3
纂	zyun2
纏	cin4(zin6)
續	zuk6
纓	jing1
纖	cim1
纜	laam6
缶	fau2
缸	gong1
缺	kyut3
缽	but3
罄	hing3
罈	taam4
罐	gun3
罕	hon2
罔	mong5
罟	gu2(gu1)
置	zi3
署	cyu5(syu3,syu5,syu6)
罩	zaau3
罪	zeoi6
罰	fat6
罵	maa6
罷	baa6,pei4
罹	lei4
羅	lo4
羈	gei1
羊	joeng4,coeng4
羌	goeng1
美	mei5
羔	gou1
羞	sau1
羚	ling4
善	sin6
羨	sin6,jin4
群	kwan4
義	ji6
羯	kit3(git3)
羲	hei1
羶	zin1(sin1)
羹	gang1,long4
羸	leoi4
羽	jyu5
羿	ngai6
翅	ci3
翁	jung1
翌	jik6
翎	ling4
習	zaap6(zap6)
翔	coeng4
翕	jap1(hap1)
翠	ceoi3
翡	fei2(fei6)
翟	dik6,zaak6
翩	pin1
翰	hon6
翱	ngou4(ngou6)
翳	ai3(ji1,ngai3)
翼	jik6
翹	kiu4(giu6)
翻	faan1
耀	jiu6
老	lou5
考	haau2
者	ze2
耆	kei4
而	ji4,nang4
耐	noi6,nang4
耍	saa2
耒	leoi6(leoi5,loi6)
耘	wan4
耕	gaang1(gang1)
耙	baa3,paa4
耗	hou3
耜	zi6(ci5)
耳	ji5
耶	je4
耽	daam1
耿	gang2(gwing2)
聊	liu4
聆	ling4
聖	sing3
聘	ping3
聞	man4(man2),man6
聚	zeoi6
聱	ngou4
聲	sing1(seng1)
聰	cung1
聯	lyun4
聳	sung2
職	zik1
聶	nip6,sip3
聽	ting1(teng1),ting3
聾	lung4
聿	wat6(jyut6,leot6)
肆	si3,sei3
肄	ji6(si3)
肅	suk1
肇	siu6
肉	juk6
肋	lak6(laak6)
肌	gei1
肓	fong1
肖	ciu3,siu1
肝	gon1
肘	zau2(zaau2)
肛	gong1
肚	tou5
育	juk6(juk1)
肩	gin1
肪	fong1
肺	fai3,pui3
肥	fei4(fai6)
肢	zi1
肱	gwang1
股	gu2
肫	zeon1,seon4
肴	ngaau4
肯	hang2,hoi2
胖	bun6(pun3),pun4
胥	seoi1
胚	pui1
胡	wu4
胃	wai6
背	bui3,bui6
胛	gaap3
胎	toi1
胞	baau1,paau1
胤	jan6
胰	ji4
脅	hip3(hip6)
胱	gwong1
脂	zi1
胭	jin1
胴	dung6
脆	ceoi3
胸	hung1
胳	gaak3(gok3,lok3)
脈	mak6(maak6)
能	nang4,noi6,toi4
脊	zik3(zek3)
脫	tyut3,teoi3
脯	fu2(pou2)
脖	but6
脣	seon4
唇	seon4
脩	sau1
腕	wun2
腔	hong1
腋	jik6(jat6)
腑	fu2
腎	san6(san5)
脹	zoeng3
腆	tin2
脾	pei4
腐	fu6
腱	gin3(gin1,gin6)
腰	jiu1
腸	coeng4
腥	sing1(seng1),sing3(seng3)
腮	soi1
腳	goek3,gok3
腫	zung2
腹	fuk1
腺	sin3
腦	nou5
膀	bong2,pong4,pong1
膏	gou1,gou3
膈	gaak3
膊	bok3
腿	teoi2
膝	sat1
膠	gaau1
膛	tong4
膜	mok6,mou4
膚	fu1
膳	sin6
膩	nei6(nau6)
膨	paang4
臆	jik1
臃	jung2,jung1
膺	jing1
臂	bei3
臀	tyun4
膿	nung4
膽	daam2
臉	lim5
膾	kui2
臍	ci4
臏	ban3(pan5)
臘	laap6(lip6)
臚	lou4
臟	zong6
臣	san4
臥	ngo6
臧	zong1,cong4,zong6
臨	lam4,lam6
自	zi6
臭	cau3
至	zi3
致	zi3
臻	zeon1
臼	kau5
臾	jyu4,jung5
舀	jiu5
舂	zung1
舅	kau5
與	jyu5,jyu6,jyu4
興	hing1,hing3,jan6
舉	geoi2
舊	gau6
舌	sit6(sit3)
舍	se3(se5),se2
舐	saai5(laai2,lem2,lim2,saai2,si6)
舒	syu1
舔	tim2
舛	cyun2
舜	seon3
舞	mou5
舟	zau1
舢	saan1
航	hong4
舫	fong2
舨	baan2
般	bun1,pun4,bo1(but3)
舵	to4(taai5,to5)
舷	jin4
舶	bok6(baak3,baak6,paak3)
船	syun4
艇	ting5(teng3,teng5)
艘	sau2(sau1)
艙	cong1
艦	laam6
艮	gan3(ngan4)
良	loeng4
艱	gaan1
色	sik1
艾	ngaai6
芒	mong4,fong2
芋	wu6,jyu1
芍	zoek3(coek3)
芳	fong1
芝	zi1
芙	fu4
芭	baa1
芽	ngaa4
芟	saam1(saan1)
芹	kan4
花	faa1,waa6,waa4
芬	fan1
芥	gaai3
芻	co1
苧	cyu5
范	faan6
茅	maau4
苣	geoi6
苛	ho1,ho4
苦	fu2
茄	ke4(ke1),gaa1
若	joek6,je5
茂	mau6
茉	mut6
苒	jim5
苗	miu4
英	jing1
茁	zyut3(cyut3)
苔	toi4,toi1
苑	jyun2
苞	baau1
苓	ling4
苟	gau2,gik1
茫	mong4
荒	fong1
荔	lai6
荊	ging1
茸	jung4,jung5
荐	zin3(zin6)
薦	zin3
茵	jan1
茴	wui4
草	cou2
荏	jam5(jam3,jam6)
茹	jyu4(jyu6)
茶	caa4
茗	ming5(ming4)
茲	zi1,ci4
荀	seon1
茱	zyu1(syu4)
荃	cyun4
莎	saa1,so1
莞	wun5,gun2,gun1(gwaan1),wun1(wun2)
莘	san1
荸	but6
莢	gaap3
莖	ging3(ging1,hang4)
莽	mong5(mong6)
莫	mok6,mou6
莒	geoi2
莊	zong1
莓	mui4
莉	lei6
莠	jau5
荷	ho6,ho4
荻	dik6
荼	tou4,syu1,ce4,caa4
菩	pou4
萃	seoi6
菸	jin1
萍	ping4
菠	bo1
菅	gaan1
萋	cai1
菁	zing1(cing1)
華	waa4,faa1,waa6
菱	ling4
著	zyu3,zoek6,zoek3
萊	loi4
菰	gu1
萌	mang4
菌	kwan2(kwan5)
菽	suk6(suk1)
菲	fei2,fei1
菊	guk1
萸	jyu4
萎	wai2,wai1,wai3
萄	tou4
菜	coi3
蒂	dai3(ding3)
葷	fan1
落	lok6,laai6(laai3)
萱	hyun1
葵	kwai4
葦	wai5
葫	wu4
葉	jip6,sip3
葬	zong3
葛	got3
萼	ngok6
萵	wo1
葡	pou4
董	dung2
葩	paa1(baa1)
蓑	so1
蓉	jung4
蒿	hou1
蓆	zik6(zek6)
蓄	cuk1
蒙	mung4
蒞	lei6
蒲	pou4,bok6
蒜	syun3
蓋	goi3(koi3),hap6,gap3
蒸	zing1
蓀	syun1
蓓	pui5(pui4)
蒐	sau1(sau2)
蒼	cong1,cong2
蔗	ze3
蔽	bai3
蔚	wai3,wat1
蓮	lin4
蔭	jam3,jam1
蓬	pung4(fung4)
蔓	maan6,maan4
蔑	mit6
蔣	zoeng2,zoeng1
蔡	coi3,saat3
蔔	baak6
蔬	so1
蕊	jeoi5(jeoi6)
蕩	dong6
蕙	wai6
蕨	kyut3
蕃	faan4,faan1
蕉	ziu1
蕪	mou4
薪	san1
薄	bok6
蕭	siu1
蕾	leoi5,leoi4
薑	goeng1
薔	coeng4,sik1
薯	syu4(syu5,syu6)
薜	bai6(bei6),baak3
薇	mei4
薩	saat3
藍	laam4
藉	ze6(ze3),zik6
薰	fan1
薶	maai4,wo1
藏	cong4,zong6,zong1
藩	faan4
藝	ngai6
藪	sau2
藕	ngau5
藤	tang4
藥	joek6,ngok6
蘊	wan2(wan3,wan5)
藹	oi2(ngoi2)
蘑	mo4
藻	zou2
蘆	lou4
蘋	ping4,pan4
藺	leon6
蘇	sou1
蘭	laan4
蘚	sin2
蘸	zaam3
蘿	lo4
虎	fu2
虐	joek6
虔	kin4
處	cyu2,cyu3,syu3
彪	biu1
虛	heoi1
虞	jyu4
虜	lou5
號	hou6,hou4
虧	kwai1
虫	wai2,cung4
虱	sat1
虯	kau4
虹	hung4
蚊	man1(man4)
蚪	dau2
蚓	jan5
蚤	zou2
蚩	ci1
蚌	pong5
蚣	gung1
蛇	se4,ji4
蛀	zyu3
蚶	ham1
蛋	daan6(daan2)
蛆	ceoi1,zeoi1
蚱	zaa3(zaak3)
蚯	jau1
蛟	gaau1
蛙	waa1
蛭	zat6
蛔	wui4
蛛	zyu1
蛤	gap3(gaap3),haa4
蛻	teoi3,seoi3
蛹	jung2(jung5)
蜇	zit3
蜃	san5(san4,san6)
蜈	ng4
蜀	suk6
蛾	ngo4,ngai5
蜂	fung1
蜓	ting4
蜚	fei1,fei2(fai6)
蜿	jyun1(jyun2)
蜜	mat6
蜻	cing1
蜢	maang5
蜥	sik1
蜴	jik6
蜘	zi1
蝕	sik6(sit6)
螂	long4
蝙	bin1(bin2,pin1)
蝴	wu4
蝶	dip6
蝠	fuk1
蝦	haa1,haa4
蝨	sat1
蝸	wo1(gwaa1,waa1)
蝗	wong4
蝌	fo1
螃	pong4,bong2
螟	ming4
螢	jing4
螞	maa5,maa6,maa1
融	jung4
蟀	seot1
蟑	zoeng1
螫	sik1(cik1)
蟒	mong5
蟆	maa4
螳	tong4
螻	lau4
螺	lo4
蟈	gwok3
蟋	sik1
蟯	jiu4(naau4)
蟬	sim4(sin4)
蟲	cung4
蟻	ngai5
蠅	jing4
蠍	hit3(kit3)
蠔	hou4
蠕	jyun5(jyu4)
蠣	lai6
蠢	ceon2
蠡	lai5(lai4),lo4
蠟	laap6
蠱	gu2
蠶	caam4
蠹	dou3
蠻	maan4
血	hyut3
行	hang4(haang4),hong4,hang6,hong6
衍	jin5(hin2,jin2)
術	seot6
街	gaai1
衙	ngaa4
衝	cung1,cung3
衛	wai6
衡	hang4,waang4
衢	keoi4
衣	ji1,ji3
初	co1
表	biu2
衫	saam1
袂	mai6
衰	seoi1,ceoi1
衷	cung1(zung1)
袁	jyun4
袒	taan2
袖	zau6
被	bei6,pei5,pei1
袍	pou4
袈	gaa1
袞	gwan2(kwan2)
袋	doi6
袱	fuk6
裁	coi4
裂	lit6
裙	kwan4
補	bou2
裕	jyu6
裟	saa1
裘	kau4
裔	jeoi6
裝	zong1
裏	leoi5,lei5
裡	leoi5,lei5
裊	niu5(niu1)
褂	gwaa3(kwaa2)
褚	cyu2,cyu5(zyu2)
裸	lo2(lo5)
裨	bei1,pei4
裳	soeng4
裴	pui4
裹	gwo2
製	zai3
褐	hot3(hot6)
複	fuk1
褓	bou2
褲	fu3
褪	tan3(teoi3)
褫	ci2
褥	juk6
褟	taap3(daap3)
褸	leoi5(lau5),lau1
褻	sit3
襄	soeng1
褒	bou1
襟	kam1(gam1)
襠	dong1
襖	ou2(ngou2,ngou3,ou3)
襤	laam4
襪	mat6(maat6)
襯	can3
襲	zaap6(zap6)
西	sai1
要	jiu3,jiu1,jiu2
覃	taam4,cam4
覆	fuk1,fau6(fu3)
見	gin3,jin6
規	kwai1
覓	mik6
親	can1,can3
覦	jyu4(jyu6)
覬	gei3(kei3)
覲	gan6(gan2,gan3)
覺	gok3,gaau3
覽	laam5
觀	gun1,gun3
角	gok3,luk6
解	gaai2,gaai3,haai6(haai5)
觴	soeng1
觸	zuk1(cuk1)
言	jin4
計	gai3(gei3)
訂	ding3(deng6)
訃	fu6
記	gei3
訏	heoi1
討	tou2
訌	hung4(hung3,hung6)
訕	saan3
訊	seon3
託	tok3
訓	fan3
訖	ngat6(gat1)
訪	fong2
訝	ngaa6
訣	kyut3
訥	neot6(naap6,nat6)
許	heoi2,fu2
設	cit3
訟	zung6
訛	ngo4
註	zyu3
詠	wing6
評	ping4
詞	ci4
詁	gu2(gu3)
詔	ziu3(ziu6)
詛	zo3(zo2)
詐	zaa3
詆	dai2
訴	sou3
診	can2(zan2)
詫	caa3
該	goi1
詳	coeng4,joeng4
試	si3(si5)
詩	si1
詰	kit3(gat1)
誇	kwaa1
詼	fui1
詣	ngai6
誠	sing4
話	waa6
誅	zyu1
詭	gwai2
詢	seon1
詮	cyun4
詬	gau3(kau3)
詹	zim1
說	syut3,seoi3,jyut6
誦	zung6
誌	zi3
語	jyu5,jyu6
誣	mou4
認	jing6(jan6)
誡	gaai3
誓	sai6
誤	ng6
誥	gou3
誨	fui3
誘	jau5
誑	gwong2(gwong3,kong4,wong2)
誼	ji6(ji4)
諒	loeng6,loeng4
談	taam4
諄	zeon1(deon1)
請	cing2(ceng2),zing6,cing1,king4
諸	zyu1
課	fo3
誕	daan3(daan6)
諉	wai2
諂	cim2
調	tiu4,diu6(deu6)
誰	seoi4
論	leon6,leon4
諍	zaang3(zang3),zaang1(zang1)
諦	dai3
諺	jin6
諮	zi1
諱	wai5(wai3)
謀	mau4
諜	dip6
諫	gaan3
諧	haai4
諾	nok6
謁	jit3(kit3)
謂	wai6
諷	fung3
諭	jyu6
謎	mai4(mai6)
謗	pong3(bong3)
謙	him1
講	gong2
謊	fong1(fong2)
謠	jiu4
謝	ze6
謄	tang4
謨	mou4
謹	gan2
謬	mau6
譜	pou2
識	sik1,zi3
譁	waa1
證	zing3
譚	taam4
譎	kyut3(gwat1)
譏	gei1
議	ji5(ji3)
譬	pei3
警	ging2
譯	jik6
護	wu6
譴	hin2
譽	jyu6(jyu4)
讀	duk6,dau6
變	bin3
讓	joeng6
讒	caam4
讖	cam3(caam3)
讚	zaan3
谷	guk1,juk6,luk6
豁	kut3,waa1
谿	kai1
豆	dau6
豈	hei2,hoi2
豉	si6
豌	wun1(wun2)
豎	syu6
豐	fung1
豔	jim6
豕	ci2
豚	tyun4
象	zoeng6
豢	waan6
豪	hou4
豬	zyu1
豫	jyu6
豺	caai4
豹	paau3
貂	diu1
貉	hok6(lok3),mak6(maak6)
貌	maau6
貓	maau1(maau4,miu4)
貝	bui3
貞	zing1
負	fu6
財	coi4
貢	gung3
販	faan3(faan5)
責	zaak3,zaai3
貫	gun3,gwaan3
貨	fo3(fo6)
貪	taam1
貧	pan4
貯	cyu5(cyu2,zyu2)
貳	ji6
賁	ban1(ban3),fan4,bei3,fan5
費	fai3,bei3
賀	ho6(ho3)
貼	tip3
貴	gwai3
買	maai5
貽	ji4
貶	bin2
貿	mau6
貸	taai3,tik1
賅	goi1
資	zi1
賊	caak6
賈	gu2,gaa2,gaa3
貲	zi1
賄	kui2(fui2)
賃	jam6
賂	lou6
賓	ban1,ban3
賑	zan3
賒	se1
賠	pui4
賦	fu3
賤	zin6
賬	zoeng3
賭	dou2
賢	jin4
賣	maai6,juk6
賞	soeng2
賜	ci3
質	zat1,zi3
賴	laai6
賺	zaan6
賽	coi3
購	gau3(kau3)
贅	zeoi6(zeoi3)
贈	zang6
贊	zaan3
贏	jing4(jeng4)
贍	sim6(sin6)
贓	zong1
贖	suk6
贛	gam3,gung3
赤	cik3(cek3)
赧	naan5(naan2)
赦	se3
赫	haak1(hak1)
赭	ze2
走	zau2
赴	fu6
赳	gau2(dau2)
起	hei2
越	jyut6
超	ciu1
趁	can3
趙	ziu6,tiu5
趕	gon2
趣	ceoi3,cuk1,cau2,ceoi1
趟	tong3
趨	ceoi1,cuk1
足	zuk1,zeoi3(zyu3)
趴	paa1
趾	zi2
跎	to4
距	keoi5(geoi6)
跋	bat6(but6)
跚	saan1
跑	paau2,paau4
跌	dit3(daat3)
跛	bo2(bai1),bei3
跆	toi4
跡	zik1(zek3)
蹟	zik1
跟	gan1
跨	kwaa3,kwaa1
路	lou6
跳	tiu3(tiu4)
跺	do2
跪	gwai6
跼	guk6
踫	pung3
踐	cin5(zin6)
踝	waa5
踢	tek3
踏	daap6
踩	caai2
踟	ci4
蹄	tai4
踱	dok6
踴	jung2(jung5)
蹂	jau4(jau5)
踹	caai2(jaai2),cyun2(dyun3)
踵	zung2(dung2)
蹉	co1
蹋	daap6(taap3)
蹈	dou6(tou1)
蹊	hai4,kai1
蹣	pun4(mun4)
蹦	bang1(baang6)
蹙	cuk1(zuk1)
蹤	zung1
蹲	cyun4(deon1)
蹬	dang6,dang1
蹺	hiu1(kiu3)
躇	cyu4(cyu1)
蹼	buk6(buk1,pok3)
蹶	kyut3,gwai3
躂	taat3
躁	cou3
躅	zuk6
躉	dan2
躊	cau4
躍	joek6(joek3),tik1
躑	zaak6(zik6)
躡	nip6
躪	leon6
身	san1,gyun1,kin4,jyun4
躬	gung1
躲	do2
躺	tong2
軀	keoi1
車	ce1,geoi1
軋	zaat3(aat3,gaat3,ngaat3)
軍	gwan1
軌	gwai2
軒	hin1
軔	jan6
軛	aak1(ngaak1)
軟	jyun5
軻	o1(ho2,ngo1)
軸	zuk6,zau6
軼	jat6,dit6
較	gaau3,gok3
載	zoi3,zoi2
軾	sik1
輊	zi3
輔	fu6
輒	zip3(zit3)
輕	hing1(heng1)
輓	waan5
輝	fai1
輛	loeng6
輟	zyut3(zyut6)
輦	lin5
輩	bui3(bei3)
輪	leon4
輜	zi1
輻	fuk1
輯	cap1
輸	syu1
轄	hat6
輾	zin2,nin5(nin6)
轂	guk1
轅	jyun4
輿	jyu4
轉	zyun2,zyun3
轍	cit3
轔	leon4,leon6
轎	giu6(giu2,kiu4)
轟	gwang1
轡	bei3
辛	san1
辜	gu1
辟	bik1,pik1,mai5,bei6
辣	laat6
辦	baan6
辨	bin6
辭	ci4
辯	bin6
辰	san4
辱	juk6
農	nung4
迂	jyu1(jyu4)
迅	seon3
迄	ngat6(hat1)
巡	ceon4
迎	jing4,jing6
返	faan2(faan1)
近	gan6(kan5)
述	seot6
迦	gaa1,haai6
迢	tiu4(siu4)
迪	dik6
迥	gwing2
迫	bik1(baak1)
迤	ji5(ji4)
迭	dit6
迸	bing3(bing2)
送	sung3
逆	jik6(ngaak6)
迷	mai4
退	teoi3
迺	naai5
迴	wui4
逃	tou4
追	zeoi1,deoi1
逅	hau6
這	ze2(ze3,ze5)
通	tung1
逗	dau6
連	lin4
速	cuk1
逝	sai6
逐	zuk6
逕	ging3(gaang3)
逍	siu1
逞	cing2
造	zou6,cou3,cou5
透	tau3
逢	fung4,pung4
逖	tik1(dik6)
逛	gwaang6(kwaang3)
途	tou4
逮	dai6(doi6)
逵	kwai4
週	zau1
逸	jat6
進	zeon3
運	wan6
遊	jau4(jau6)
道	dou6(dou3)
遂	seoi6
遍	pin3(bin3)
達	daat6,taat3
逼	bik1
違	wai4
遐	haa4
遇	jyu6
遏	aat3(kit3,ngaat3)
過	gwo3(gwo1)
遑	wong4
逾	jyu4(jyu6)
遁	deon6
遠	jyun5,jyun6
遘	gau3(kau3)
遜	seon3
遣	hin2
遙	jiu4
遞	dai6,sai6,daai3
適	sik1,dik1,zaak6
遮	ze1
遨	ngou4(ngou6)
遭	zou1
遷	cin1
遵	zeon1(zyun1)
遴	leon4,leon6
選	syun2,syun3
遲	ci4,zi6(zi3)
遼	liu4
遺	wai4,wai6
避	bei6
遽	geoi6(geoi3)
還	waan4,syun4
邁	maai6
邂	haai6(haai5)
邀	jiu1
邇	ji5
邊	bin1
邐	lei5
邏	lo4(lo6)
邑	jap1
邕	jung1
邢	jing4
邪	ce4,je4
那	naa5(no5),no4,no6,no1,naa6
邦	bong1
邵	siu6
邸	dai2
邱	jau1
郊	gaau1
郎	long4
郁	juk1,wat1
郡	gwan6
部	bou6
郭	gwok3
都	dou1
鄂	ngok6
郵	jau4
鄉	hoeng1,hoeng3
鄒	zau1
鄙	pei2
鄰	leon4
鄭	zeng6
鄧	dang6
鄱	po4(bo3)
酉	jau5
酋	jau4(cau4)
酊	ding1,ding2
酒	zau2
配	pui3
酌	zoek3
酗	jyu3(heoi3)
酣	ham4
酥	sou1
酬	cau4
酪	lou6,lok3(lok6)
酩	ming5(ming4)
酵	gaau3(haau1,haau3)
酸	syun1
酷	huk6
醇	seon4
醉	zeoi3
醋	cou3,zok6
醃	jim1(jip3)
醒	sing2(seng2,sing1)
醞	wan2(wan3,wan5)
醣	tong4
醜	cau2
醫	ji1
醬	zoeng3
醺	fan1
釀	joeng6
釁	jan6(jan3)
采	coi2,coi3
釉	jau6(jau2)
釋	sik1
里	lei5
重	cung4,cung5,zung6
野	je5
量	loeng6,loeng4
釐	lei4,hei1(hei2)
金	gam1
釘	ding1(deng1)
針	zam1
釗	ciu1(ziu1)
釜	fu2
釵	caai1
釦	kau3
釣	diu3
釧	cyun3(cyun1)
鈕	nau2(nau5)
鈣	koi3
鈍	deon6
鈔	caau1(caau3)
鈉	naap6,naat3
鈞	gwan1(kwan1)
鈐	kim4
鉤	ngau1(au1,gau1)
鈷	gu2(gu1)
鉗	kim4
鈸	bat6(but6)
鉀	gaap3
鈾	jau4(jau2)
鉛	jyun4
鉋	paau4
鉑	bok6
鈴	ling4
銀	ngan4
銅	tung4
銘	ming4(ming5)
銖	zyu1(syu4)
銓	cyun4
銜	haam4(ham4)
銬	kaau3(kau3)
銻	tai1
銳	jeoi6
鋅	san1
鋪	pou1,pou3
銷	siu1
鋤	co4
鋁	leoi5
銼	co3
鋒	fung1
錠	ding3(ding2,ding6)
錶	biu1(biu2)
鋸	geoi3(goe3)
錳	maang5
錯	cok3,co3,cou3,laap6
錢	cin4,zin2
鋼	gong3(gong1)
錫	sik3(sek3)
錄	luk6
錚	zaang1(caang1,zang1)
錐	zeoi1(jeoi1)
錦	gam2
鍍	dou6
鎂	mei5
錨	maau4(naau4)
鍵	gin6
鍊	lin6
鍥	kit3
鍋	wo1
錘	ceoi4,seoi4
鍾	zung1
鍬	ciu1
鍛	dyun3
鎔	jung4
鎊	bong6
鎮	zan3
鎖	so2
鎢	wu1
鎳	nip6(nip1)
鏡	geng3
鏑	dik1(dik6)
鏟	caan2
鏃	zuk6(zuk1)
鏖	ou1(ngou1,ngou4)
鏈	lin4(lin2,lin6)
鏢	biu1
鏗	hang1
鏜	tong1,tong4
鏘	coeng1
鐘	zung1
鐃	naau4,naau6
銹	sau3
鏽	sau3
鐮	lim4
鐳	leoi4
鐵	tit3
鐺	caang1(cing1),dong1,tong1
鐸	dok6(nok6)
鐲	zuk6
鑄	zyu3
鑑	gaam3
鑒	gaam3
鑣	biu1
鑠	soek3
鑲	soeng1
鑰	joek6
鑾	lyun4
鑼	lo4
鑽	zyun1,zyun3
鑿	zok6
長	coeng4,zoeng2,zoeng6
門	mun4
閂	saan1
閃	sim2
閉	bai3
閔	man5
閏	jeon6
開	hoi1
閑	haan4
間	gaan3,gaan1,haan4
閒	haan4,gaan3,gaan1
閘	zaap6
閡	ngoi6,hat6,goi1
閨	gwai1
閩	man5(man4)
閣	gok3
閥	fat6
閤	gok3,hap6,gap3
閱	jyut6
閭	leoi4(leoi5)
閻	jim4
闊	fut3
闋	kyut3
闌	laan4
闈	wai4
闆	baan2
闔	hap6
闖	cong2(cong3),cam3
闐	tin4
關	gwaan1
闡	cin2(sin6,zin2)
闢	pik1
阡	cin1
防	fong4
阮	jyun5(jyun2)
阱	zing6(zeng2,zeng6)
阪	faan2(baan6),baan2
阜	fau6
陀	to4
阿	o1(ngo1),aa3(ngaa3),aak3,aa2
阻	zo2
附	fu6
限	haan6
陋	lau6
陌	mak6(maak6)
降	gong3,hong4
院	jyun2(jyun6)
陣	zan6
陡	dau2
陜	haap6(gip6)
陛	bai6
除	ceoi4(cyu1,cyu4),zyu6
陪	pui4
陵	ling4
陳	can4,zan6
陸	luk6
陰	jam1,jam3,am1
陶	tou4,jiu4
陷	haam6(ham6)
隊	deoi6,zeoi6
隋	ceoi4,do6
階	gaai1
陽	joeng4
隅	jyu4(jyu6)
隆	lung4,naam4
隍	wong4
陲	seoi4
隘	aai3(ai3,ngaai3),ak1(ngak1)
隔	gaak3
隕	wan5,jyun4
隙	gwik1(kwik1)
障	zoeng3
際	zai3
隧	seoi6,zeoi6
隨	ceoi4
險	him2
隱	jan2,jan3
隴	lung5
隸	dai6(doi6,lai6)
隻	zek3
雀	zoek3
雇	gu3
雁	ngaan6
雅	ngaa5,aa1(ngaa1)
雄	hung4
集	zaap6(zap6)
雋	zeon3,syun5(cyun5)
雍	jung1,jung3
雉	zi6
雌	ci1
雕	diu1
雖	seoi1
雜	zaap6
雙	soeng1
雛	co4(co1)
雞	gai1
難	naan4,naan6,no4
離	lei4,lei6
雨	jyu5,jyu6
雪	syut3
雯	man4
雲	wan4
雷	leoi4
電	din6
雹	bok6
零	ling4,lin4
需	seoi1
震	zan3
霄	siu1
霆	ting4
霉	mui4(mei4)
霎	saap3
霑	zim1
霖	lam4
霍	fok3
霓	ngai4
霏	fei1
霜	soeng1
霞	haa4
霪	jam4
霧	mou6
霸	baa3(paak3)
霹	pik1
露	lou6(lau6)
霽	zai3(cai4)
霾	maai4(lei4,mai4)
靄	oi2(ngoi2)
靂	lik6(lik1)
靈	ling4,leng4
青	cing1(ceng1)
靖	zing6
靛	din6
靜	zing6
非	fei1,fei2
靠	kaau3
靡	mei5,mei4
面	min6
靦	tin2,min5
靨	jip3
革	gaak3(gaap3),gik1
靶	baa2(baa3)
靴	hoe1
靼	daat3
鞅	joeng2(joeng1),joeng3
鞍	on1(ngon1)
鞋	haai4
鞏	gung2
鞘	ciu3,saau1
鞠	guk1
鞣	jau4
鞦	cau1
鞭	bin1
韃	taat3
韁	goeng1
韆	cin1
韋	wai4(wai5)
韌	ngan6(jan6)
韓	hon4
韜	tou1
韭	gau2
音	jam1
章	zoeng1
竟	ging2
韶	siu4
韻	wan6(wan5)
響	hoeng2
頁	jip6,kit3(sau2)
頂	ding2(deng2)
頃	king2,king1
項	hong6
順	seon6
須	seoi1
預	jyu6
頑	waan4
頓	deon6,duk6
頒	baan1(paan1),fan4
頌	zung6,jung4
頗	po2,po1
領	ling5(leng5)
頡	kit3,git3
頰	gaap3(haap3)
頸	geng2
頻	pan4
頭	tau4
頤	ji4
頷	ham5
頹	teoi4
顆	fo2,fo3
額	ngaak6
顏	ngaan4
題	tai4
顎	ngok6
類	leoi6
願	jyun6
顛	din1
顧	gu3
顫	zin3
顯	hin2
顰	pan4
顱	lou4
風	fung1,fung3
颯	saap3
颱	toi4
颳	gwaat3
颶	geoi6
颺	joeng4
颼	sau1(suk1)
飄	piu1
飛	fei1
食	sik6,ji6,zi6
飢	gei1
飧	syun1
飪	jam6(jam5)
飯	faan6,faan5
飩	tan4(tan1,tyun4)
飲	jam2,jam3
飭	cik1(sik1)
飼	zi6
飴	ji4
飽	baau2
飾	sik1
餃	gaau2
餅	beng2(bing2)
餌	nei6
餉	hoeng2
養	joeng5,joeng6
餓	ngo6
餒	neoi5(noi5)
餘	jyu4
餐	caan1
館	gun2
餞	zin3(zin6)
餛	wan4
餡	haam6(haam2)
餵	wai3
餿	sau1(suk1)
餾	lau6(lau4)
餽	gwai6
饅	maan4(maan6)
饒	jiu4
饑	gei1
饜	jim3(jim1)
饞	caam4
首	sau2(sau3)
香	hoeng1
馥	fuk1(fuk6)
馨	hing1
馬	maa5
馮	pang4,fung4
馭	jyu6
馳	ci4
馱	to4,do6(to6)
馴	seon4(ceon4)
駁	bok3
駝	to4
駐	zyu3
駕	gaa3
駟	si3
駛	sai2(si2)
駑	nou4
駒	keoi1
駙	fu6
駭	haai5(haai6,hoi4,hoi5)
駢	pin4(ping4)
駱	lok3(lok6)
騁	cing2(ping3)
駿	zeon3
騎	gei6(kei3),kei4(ke4)
騙	pin3
騖	mou6
騫	hin1
騷	sou1
騰	tang4
驅	keoi1
驃	piu3(biu1,biu6)
驀	mak6(maak6)
騾	lo4(leoi4)
驕	giu1
驚	ging1(geng1)
驛	jik6
驗	jim6
驟	zau6(zaau6)
驢	leoi4(lou4)
驥	kei3(gei3)
驪	lei4
骨	gwat1
骯	ong1(kong3,ngong1)
骰	tau4(sik1)
骷	fu1
骸	haai4(hoi4)
骼	gaak3
髏	lau4
髒	zong1
髓	seoi5
體	tai2
高	gou1
髦	mou4(mou1)
髮	faat3(fat3)
髯	jim4(jim6)
髻	gai3
髭	zi1
鬃	zung1(cung4)
鬆	sung1
鬍	wu4
鬚	sou1
鬢	ban3
鬥	dau3
鬧	naau6
鬨	hung6(hung3),hong6
鬱	wat1
鬼	gwai2
魁	fui1
魂	wan4
魅	mei6(mui6)
魄	paak3,tok3,bok6
魏	ngai6,ngai4
魔	mo1(mo4)
魘	jim2(jip3)
魚	jyu4
魷	jau4
魯	lou5
鮑	baau6,baau1
鮮	sin1,sin2
鮫	gaau1
鯊	saa1
鯽	zik1(zak1)
鯉	lei5
鯨	king4
鰓	soi1,saai2
鰍	cau1
鰭	kei4
鰥	gwaan1
鰱	lin4
鰾	piu5(biu1)
鰻	maan4(maan6)
鱔	sin5
鱗	leon4
鱖	kyut3,gwai3
鱷	ngok6
鱸	lou4
鳥	niu5,diu2
鳩	gau1(kau1)
鳶	jyun1(jyun4)
鳴	ming4
鳳	fung6
鴆	zam6
鴉	aa1(ngaa1)
鴕	to4
鴣	gu1
鴦	joeng1
鴨	aap3(ngaap3)
鴛	jyun1(jin1)
鴻	hung4
鴿	gap3(gaap3)
鵑	gyun1
鵝	ngo4
鵠	huk6,guk1
鶉	seon4(ceon1)
鵡	mou5
鵲	coek3(zoek3)
鵪	am1(ngam1)
鵬	paang4
鶯	ang1(ngang1)
鶴	hok6
鷂	jiu6(jiu2,jiu4)
鷓	ze3
鷗	au1(ngau1)
鷥	si1
鷹	jing1
鷺	lou6
鸚	jing1
鸞	lyun4
鹵	lou5
鹹	haam4
鹽	jim4
鹼	gaan2
鹿	luk6
麋	mei4(mai4)
麒	kei4
麗	lai6,lei4
麓	luk1(luk6)
麝	se6
麟	leon4
麥	mak6(maak6)
麩	fu1
麴	kuk1(guk1)
麻	maa4
麼	mo1(maa1,mo5)
麾	fai1
黃	wong4
黍	syu2
黎	lai4
黏	nim4(nim1)
黑	hak1(haak1)
墨	mak6(maak6)
默	mak6
黔	kim4
點	dim2
黜	ceot1(zeot1,zyut3,zyut6)
黝	jau2
黛	doi6
黠	hat6(hat1,kit3,waat6)
黨	dong2,tong2
黯	am2(am3,ngam2)
黴	mei4(mui4)
黷	duk6
鼇	ngou4
鼎	ding2
鼓	gu2
鼕	dung1(tung4)
鼙	pei4
鼠	syu2
鼬	jau6(jau2)
鼴	jin2
鼻	bei6
鼾	hon4
齊	cai4,zi1,zaai1,zai6
齋	zaai1
齒	ci2
齟	zeoi2(zeoi6)
齣	ceot1
齡	ling4
齦	ngan4,han2(hang2)
齬	jyu5
齪	cuk1
齷	ak1(ngak1)
齲	geoi2
龍	lung4
龔	gung1
龜	gwai1,gwan1,gau1(kau1)
